CREATE TABLE objects_types (
  [ID] int check ([ID] > 0) NOT NULL IDENTITY,
  [ParentID] int check ([ParentID] > 0) DEFAULT NULL,
  [Name] varchar(45) NOT NULL DEFAULT '',
  [IsContainer] smallint NOT NULL DEFAULT '0',
  [IsMovableObject] smallint NOT NULL DEFAULT '0',
  [IsUnmovableobject] smallint NOT NULL DEFAULT '0',
  [IsTool] smallint NOT NULL DEFAULT '0',
  [IsDevice] smallint NOT NULL DEFAULT '0',
  [IsDoor] smallint NOT NULL DEFAULT '0',
  [MaxContSize] int check ([MaxContSize] > 0) DEFAULT NULL ,
  [Length] smallint check ([Length] > 0) DEFAULT NULL,
  [MaxStackSize] int check ([MaxStackSize] > 0) DEFAULT NULL ,
  [UnitWeight] int check ([UnitWeight] > 0) DEFAULT NULL ,
  [BackgndImage] varchar(250) DEFAULT NULL,
  [WorkAreaTop] smallint check ([WorkAreaTop] > 0) DEFAULT NULL ,
  [WorkAreaLeft] smallint check ([WorkAreaLeft] > 0) DEFAULT NULL ,
  [WorkAreaWidth] smallint check ([WorkAreaWidth] > 0) DEFAULT NULL ,
  [WorkAreaHeight] smallint check ([WorkAreaHeight] > 0) DEFAULT NULL ,
  [BtnCloseTop] smallint check ([BtnCloseTop] > 0) DEFAULT NULL ,
  [BtnCloseLeft] smallint check ([BtnCloseLeft] > 0) DEFAULT NULL ,
  [FaceImage] varchar(250) DEFAULT NULL,
  [Description] varchar(500) DEFAULT NULL,
  [BasePrice] int check ([BasePrice] > 0) DEFAULT NULL ,
  [OwnerTimeout] int check ([OwnerTimeout] > 0) DEFAULT NULL ,
  PRIMARY KEY ([ID]),
  CONSTRAINT [FKObjectsTypesParentID] FOREIGN KEY ([ParentID]) REFERENCES objects_types ([ID])
);

CREATE TABLE effects (
  [ID] smallint check ([ID] > 0) NOT NULL IDENTITY,
  [Effect_name] varchar(255) NOT NULL,
  [ResultPreparationID] int check ([ResultPreparationID] > 0) DEFAULT NULL,
  [ResultPotionID] int check ([ResultPotionID] > 0) DEFAULT NULL,
  [PlayerEffectID] smallint check ([PlayerEffectID] > 0) DEFAULT NULL,
  PRIMARY KEY ([ID]),
  CONSTRAINT [FK_effects_result_potion_objects_types] FOREIGN KEY ([ResultPotionID]) REFERENCES objects_types ([ID]),
  CONSTRAINT [FK_effects_result_preparation_objects_types] FOREIGN KEY ([ResultPreparationID]) REFERENCES objects_types ([ID])
);

CREATE TABLE effects_sets (
  [ID] int check ([ID] > 0) NOT NULL IDENTITY,
  [EffectID1] smallint check ([EffectID1] > 0) NOT NULL,
  [EffectID2] smallint check ([EffectID2] > 0) DEFAULT NULL,
  [EffectID3] smallint check ([EffectID3] > 0) NOT NULL,
  PRIMARY KEY ([ID]),
  CONSTRAINT [FK_effects_sets_effects_1] FOREIGN KEY ([EffectID1]) REFERENCES effects ([ID]),
  CONSTRAINT [FK_effects_sets_effects_2] FOREIGN KEY ([EffectID2]) REFERENCES effects ([ID]),
  CONSTRAINT [FK_effects_sets_effects_3] FOREIGN KEY ([EffectID3]) REFERENCES effects ([ID])
);

CREATE TABLE skill_type (
  [ID] int check ([ID] > 0) NOT NULL IDENTITY,
  [Name] varchar(45) NOT NULL,
  [Description] varchar(45) NOT NULL DEFAULT '',
  [Parent] int check ([Parent] > 0) DEFAULT NULL,
  [Group] smallint check ([Group] > 0) DEFAULT NULL,
  [PrimaryStat] char(4) NOT NULL,
  [SecondaryStat] char(4) NOT NULL,
  [MasterMessageID] int check ([MasterMessageID] > 0) DEFAULT '0',
  [GMMessageID] int check ([GMMessageID] > 0) DEFAULT '0',
  PRIMARY KEY ([ID]),
  CONSTRAINT [FK_skill_type_skill_type] FOREIGN KEY ([Parent]) REFERENCES skill_type ([ID])
);

CREATE TABLE recipe (
  [ID] int check ([ID] > 0) NOT NULL IDENTITY,
  [Name] varchar(50) DEFAULT NULL,
  [Description] varchar(255) DEFAULT NULL,
  [StartingToolsID] int check ([StartingToolsID] > 0) DEFAULT NULL,
  [SkillTypeID] int check ([SkillTypeID] > 0) DEFAULT NULL,
  [SkillLvl] smallint check ([SkillLvl] > 0) DEFAULT NULL ,
  [ResultObjectTypeID] int check ([ResultObjectTypeID] > 0) DEFAULT NULL,
  [SkillDepends] smallint check ([SkillDepends] > 0) NOT NULL DEFAULT '0',
  [Quantity] smallint check ([Quantity] > 0) NOT NULL DEFAULT '0',
  [Autorepeat] smallint check ([Autorepeat] > 0) NOT NULL DEFAULT '0' ,
  [IsBlueprint] smallint check ([IsBlueprint] > 0) NOT NULL DEFAULT '0' ,
  PRIMARY KEY ([ID]),
  CONSTRAINT [FK_recipe_skill_type] FOREIGN KEY ([SkillTypeID]) REFERENCES skill_type ([ID]),
  CONSTRAINT [FK_recipe_result_objects_types] FOREIGN KEY ([ResultObjectTypeID]) REFERENCES objects_types ([ID]),
  CONSTRAINT [FK_recipe_starting_objects_types] FOREIGN KEY ([StartingToolsID]) REFERENCES objects_types ([ID])
);

CREATE TABLE recipe_possible_blueprints (
  [ID] int check ([ID] > 0) NOT NULL IDENTITY,
  [RecipeID] int check ([RecipeID] > 0) NOT NULL,
  [BaseRecipeID] int check ([BaseRecipeID] > 0) NOT NULL,
  PRIMARY KEY ([ID]),
  CONSTRAINT [FK_recipe_possible_blueprints_recipe] FOREIGN KEY ([RecipeID]) REFERENCES recipe ([ID]),
  CONSTRAINT [FK_recipe_possible_blueprints_baserecipe] FOREIGN KEY ([BaseRecipeID]) REFERENCES recipe ([ID])
);

CREATE TABLE recipe_requirement (
  [ID] int check ([ID] > 0) NOT NULL IDENTITY,
  [RecipeID] int check ([RecipeID] > 0) DEFAULT NULL,
  [MaterialObjectTypeID] int check ([MaterialObjectTypeID] > 0) DEFAULT NULL,
  [Quality] smallint check ([Quality] > 0) DEFAULT NULL,
  [Influence] smallint check ([Influence] > 0) DEFAULT NULL,
  [Quantity] smallint check ([Quantity] > 0) DEFAULT NULL ,
  [IsRegionItemRequired] smallint check ([IsRegionItemRequired] > 0) NOT NULL DEFAULT '0' ,
  PRIMARY KEY ([ID]),
  CONSTRAINT [FK_recipe_requirement_objects_types] FOREIGN KEY ([MaterialObjectTypeID]) REFERENCES objects_types ([ID]),
  CONSTRAINT [FK_recipe_requirement_recipe] FOREIGN KEY ([RecipeID]) REFERENCES recipe ([ID])
);




INSERT INTO effects ([ID], [Effect_name], [ResultPreparationID], [ResultPotionID], [PlayerEffectID]) VALUES
	(1, 'Restore soft HP', 788, 779, 50),
	(2, 'Restore hard stamina', 789, 780, 48),
	(3, 'Flux', 476, 476, NULL),
	(4, 'Drink/food flavour (spice)', 477, 477, NULL),
	(5, 'Antidote', 790, 781, 65),
	(6, 'Raise maximum soft stamina (temp)', 791, 782, 49),
	(7, 'Raise Str (temp)', 792, 783, 19),
	(8, 'Raise Agi (temp)', 793, 784, 20),
	(9, 'Raise Will (temp)', 794, 785, 21),
	(10, 'Raise Int (temp)', 795, 786, 22),
	(11, 'Raise Con (temp)', 796, 787, 23),
	(12, 'Naphtha', 348, 348, NULL),
	(13, 'Damage soft HP', 938, 945, 13),
	(14, 'Damage hard stamina', 939, 946, 14),
	(15, 'Damage hard HP', 940, 947, 12),
	(16, 'Damage soft stamina regen', 941, 948, 15),
	(17, 'Lowers maximum soft HP (temp)', 942, 949, 16),
	(18, 'Lowers maximum soft stamina (temp)', 943, 950, 17),
	(19, 'No Drop', NULL, NULL, NULL),
	(20, 'Poison Duration', NULL, NULL, NULL),
	(21, 'Skill Raised: Forging', NULL, NULL, 26),
	(22, 'Skill Raised: Carpentry', NULL, NULL, 28),
	(23, 'Skill Raised: Alchemy', NULL, NULL, 33),
	(24, 'Skill Raised: Warfare Engineering', NULL, NULL, 30),
	(25, 'Skill Raised: Cooking', NULL, NULL, 36),
	(26, 'Luck', NULL, NULL, 52),
	(27, 'Polearms mastery', NULL, NULL, 67),
	(28, 'Impact mitigation', NULL, NULL, 68),
	(29, 'Ranged weapons mastery', NULL, NULL, 69),
	(30, 'Faster reload', NULL, NULL, 70),
	(31, 'Cavalry weapons mastery', NULL, NULL, 71),
	(32, 'Spurs', NULL, NULL, 72),
	(33, 'Infantry weapons mastery', NULL, NULL, 73),
	(34, 'Increased protection', NULL, NULL, 74),
	(35, 'Heavy weapons mastery', NULL, NULL, 75),
	(36, 'Tightly fitted armor', NULL, NULL, 76);

	SET IDENTITY_INSERT effects OFF
INSERT INTO effects_sets ([ID], [EffectID1], [EffectID2], [EffectID3]) VALUES
	(1, 1, 2, 18),
	(2, 1, 3, 14),
	(3, 1, 4, 15),
	(4, 1, 5, 16),
	(5, 1, 6, 17),
	(6, 1, 7, 18),
	(7, 1, 8, 18),
	(8, 1, 9, 17),
	(9, 1, 10, 15),
	(10, 1, 11, 16),
	(11, 1, 12, 14),
	(12, 2, 3, 16),
	(13, 2, 4, 17),
	(14, 2, 5, 18),
	(15, 2, 6, 16),
	(16, 2, 7, 15),
	(17, 2, 8, 13),
	(18, 2, 9, 17),
	(19, 2, 10, 13),
	(20, 2, 11, 13),
	(21, 2, 12, 15),
	(22, 3, 4, 18),
	(23, 3, 5, 14),
	(24, 3, 6, 17),
	(25, 3, 7, 14),
	(26, 3, 8, 16),
	(27, 3, 9, 17),
	(28, 3, 10, 18),
	(29, 3, 11, 13),
	(30, 3, 12, 13),
	(31, 4, 5, 13),
	(32, 4, 6, 15),
	(33, 4, 7, 17),
	(34, 4, 8, 18),
	(35, 4, 9, 13),
	(36, 4, 10, 14),
	(37, 4, 11, 15),
	(38, 4, 12, 14),
	(39, 5, 6, 16),
	(40, 5, 7, 15),
	(41, 5, 8, 15),
	(42, 5, 9, 18),
	(43, 5, 10, 13),
	(44, 5, 11, 14),
	(45, 5, 12, 16),
	(46, 6, 7, 14),
	(47, 6, 8, 13),
	(48, 6, 9, 14),
	(49, 6, 10, 15),
	(50, 6, 11, 13),
	(51, 6, 12, 17),
	(52, 7, 8, 16),
	(53, 7, 9, 18),
	(54, 7, 10, 17),
	(55, 7, 11, 18),
	(56, 7, 12, 16),
	(57, 8, 9, 16),
	(58, 8, 10, 17),
	(59, 8, 11, 15),
	(60, 8, 12, 17),
	(61, 9, 10, 14),
	(62, 9, 11, 16),
	(63, 9, 12, 13),
	(64, 10, 11, 18),
	(65, 10, 12, 15),
	(66, 11, 12, 14),
	(67, 1, NULL, 18),
	(68, 2, NULL, 15),
	(69, 3, NULL, 14),
	(70, 4, NULL, 17),
	(71, 5, NULL, 16),
	(72, 6, NULL, 14),
	(73, 7, NULL, 18),
	(74, 8, NULL, 13),
	(75, 9, NULL, 17),
	(76, 10, NULL, 15),
	(77, 11, NULL, 13),
	(78, 12, NULL, 16),
	(79, 1, NULL, 16),
	(80, 2, NULL, 13),
	(81, 3, NULL, 18),
	(82, 4, NULL, 15),
	(83, 5, NULL, 18),
	(84, 6, NULL, 17),
	(85, 7, NULL, 17),
	(86, 8, NULL, 16),
	(87, 9, NULL, 13),
	(88, 10, NULL, 15),
	(89, 11, NULL, 14),
	(90, 12, NULL, 14);



INSERT INTO recipe ([ID], [Name], [Description], [StartingToolsID], [SkillTypeID], [SkillLvl], [ResultObjectTypeID], [SkillDepends], [Quantity], [Autorepeat], [IsBlueprint]) VALUES
	(1, 'Chair', '', 36, 8, 0, 78, 45, 1, 0, 0),
	(2, 'Decorated chair', '', 36, 8, 100, 79, 30, 1, 0, 0),
	(3, 'Throne', '', 36, 8, 90, 80, 30, 1, 0, 0),
	(4, 'Table', '', 36, 8, 0, 81, 40, 1, 0, 0),
	(5, 'Decorated table', '', 36, 8, 100, 82, 40, 1, 0, 0),
	(6, 'Bench', '', 36, 8, 0, 83, 40, 1, 0, 0),
	(7, 'Simple Bed', '', 36, 8, 30, 84, 40, 1, 0, 0),
	(8, 'Large decorated bed', '', 36, 8, 100, 85, 30, 1, 0, 0),
	(9, 'Floor lamp', '850 gr', NULL, 53, 45, 86, 20, 1, 0, 0),
	(10, 'Unfired vase', '', 123, 17, 60, 273, 50, 1, 0, 0),
	(11, 'Vase', '800 gr, 30 min', 117, 17, 60, 87, 50, 1, 0, 0),
	(12, 'Unfired masterwork vase', '', 123, 17, 90, 274, 50, 1, 0, 0),
	(13, 'Masterwork vase', '900 gr, 50 min', 117, 17, 100, 88, 50, 1, 0, 0),
	(17, 'Small Painting', '', NULL, 53, 0, 92, 70, 1, 0, 0),
	(18, 'Painting', '', NULL, 53, 60, 93, 70, 1, 0, 0),
	(19, 'Large Painting', '', NULL, 53, 90, 94, 70, 1, 0, 0),
	(20, 'Well', '', 32, 19, 30, 95, 30, 1, 0, 0),
	(21, 'Fountain', '', 32, 20, 100, 96, 35, 1, 0, 0),
	(22, 'Archery target', '', 36, 8, 20, 97, 40, 1, 0, 0),
	(23, 'Training dummy', '', 36, 8, 20, 98, 30, 1, 0, 0),
	(24, 'Weapon rack', '', 36, 8, 60, 99, 40, 1, 0, 0),
	(25, 'Armor stand', '', 36, 8, 60, 100, 40, 1, 0, 0),
	(26, 'Chest', '', 36, 8, 30, 101, 40, 1, 0, 0),
	(28, 'Wardrobe', '', 36, 8, 90, 103, 40, 1, 0, 0),
	(29, 'Crate', '', 36, 8, 0, 104, 40, 1, 0, 0),
	(30, 'Unfired urn', '', 123, 17, 90, 275, 50, 1, 0, 0),
	(31, 'Urn', '', 117, 17, 90, 105, 50, 1, 0, 0),
	(32, 'Barrel', '', 36, 8, 15, 106, 35, 1, 0, 0),
	(33, 'Furnace', '30, 180 min', 32, 18, 0, 107, 20, 1, 0, 0),
	(35, 'Alchemist''s table', '', 36, 8, 60, 109, 20, 1, 0, 0),
	(36, 'Anvil', '900', 107, 3, 0, 110, 10, 1, 0, 0),
	(37, 'Big cauldron', '1100', 32, 18, 0, 111, 20, 1, 0, 0),
	(38, 'Forge and anvil', '', 32, 18, 30, 453, 40, 1, 0, 0),
	(40, 'Oven', '', 32, 18, 30, 114, 45, 1, 0, 0),
	(41, 'Workbench', '', 36, 8, 30, 115, 30, 1, 0, 0),
	(42, 'Quern-stone', '', 36, 8, 15, 116, 45, 1, 0, 0),
	(43, 'Kiln', '', 32, 18, 30, 117, 35, 1, 0, 0),
	(44, 'Drying frame', '', 36, 8, 10, 118, 40, 1, 0, 0),
	(45, 'Wine press', '', 36, 8, 15, 119, 45, 1, 0, 0),
	(46, 'Spinning wheel', '', 36, 8, 30, 120, 35, 1, 0, 0),
	(47, 'Loom', '', 36, 8, 50, 121, 35, 1, 0, 0),
	(48, 'Beehive', '', 32, 18, 30, 1121, 40, 1, 0, 0),
	(49, 'Potter''s wheel', '', 36, 8, 15, 123, 30, 1, 0, 0),
	(50, 'Wooden Fence', '', 32, 18, 0, 124, 30, 1, 0, 0),
	(51, 'Wattle Fence', '', 32, 18, 0, 125, 30, 1, 0, 0),
	(52, 'Stone Fence', '', 32, 19, 0, 126, 45, 1, 0, 0),
	(53, 'Wooden Wicket', '', 32, 18, 0, 127, 30, 1, 0, 0),
	(54, 'Stone Wicket', '', 32, 19, 0, 128, 20, 1, 0, 0),
	(55, 'Palisade Wall', '', 32, 18, 0, 170, 30, 1, 0, 0),
	(59, 'Wooden Scout Tower', '', 32, 18, 90, 174, 20, 1, 0, 0),
	(60, 'Wooden Keep', '', 32, 18, 90, 175, 25, 1, 0, 0),
	(61, 'Keep', '', 32, 19, 90, 176, 45, 1, 0, 0),
	(62, 'Castle Keep', '', 32, 20, 90, 177, 40, 1, 0, 0),
	(63, 'Warehouse', '', 32, 19, 30, 131, 25, 1, 0, 0),
	(64, 'Large Warehouse', '', 32, 19, 90, 132, 45, 1, 0, 0),
	(65, 'Small Stable', '', 32, 18, 60, 133, 35, 1, 0, 0),
	(66, 'Large Stable', '', 32, 19, 90, 134, 25, 1, 0, 0),
	(67, 'Sawmill', '', 32, 64, 80, 135, 20, 1, 0, 0),
	(68, 'Blacksmith''s Shop', '', 32, 19, 90, 136, 40, 1, 0, 0),
	(69, 'Windmill', '', 32, 19, 90, 137, 25, 1, 0, 0),
	(70, 'Bloomery', '', 32, 19, 60, 138, 45, 1, 0, 0),
	(71, 'Carpenter''s Shop', '', 32, 19, 60, 139, 35, 1, 0, 0),
	(72, 'Herbalist''s Shop', '', 32, 19, 60, 140, 35, 1, 0, 0),
	(73, 'Kitchen', '', 32, 19, 60, 141, 40, 1, 0, 0),
	(74, 'Siege Engineer''s Workshop', '', 32, 19, 90, 142, 35, 1, 0, 0),
	(75, 'Barn', '', 32, 19, 60, 143, 30, 1, 0, 0),
	(76, 'Coop', '', 32, 18, 30, 144, 35, 1, 0, 0),
	(77, 'Tiny Shack', '', 32, 18, 0, 145, 35, 1, 0, 0),
	(78, 'Small Wooden House', '', 32, 18, 60, 146, 35, 1, 0, 0),
	(79, 'Plaster House', '', 32, 19, 60, 147, 35, 1, 0, 0),
	(80, 'Big Stone House', '', 32, 19, 60, 148, 40, 1, 0, 0),
	(101, 'Siege ladder', '', 44, 10, 0, 160, 45, 1, 0, 0),
	(102, 'Mantlet', '', 44, 10, 0, 161, 40, 1, 0, 0),
	(103, 'Battering Ram', '', 32, 10, 30, 162, 50, 1, 0, 0),
	(104, 'Trebuchet', '', 44, 10, 0, 163, 10, 1, 0, 0),
	(107, 'Lamp Post', '', 32, 18, 60, 166, 20, 1, 0, 0),
	(108, 'Wheelbarrow', '', 36, 8, 30, 167, 40, 1, 0, 0),
	(109, 'Cart', '', 36, 8, 60, 168, 30, 1, 0, 0),
	(110, 'Trader cart', '', 36, 8, 90, 169, 30, 1, 0, 0),
	(111, 'Primitive Sickle', '', 237, 1, 0, 30, 60, 1, 1, 0),
	(112, 'Primitive shovel', '', 237, 1, 0, 41, 30, 1, 1, 0),
	(113, 'Shovel', '1450 gr', 453, 4, 30, 40, 50, 1, 0, 0),
	(114, 'Blacksmith''s hammer', '1500 gr', 453, 4, 0, 42, 50, 1, 0, 0),
	(115, 'Primitive hammer', '', 237, 1, 0, 43, 40, 1, 1, 0),
	(116, 'Mallet', '', 293, 8, 0, 44, 50, 1, 1, 0),
	(117, 'Sickle', '1350', 453, 4, 30, 33, 15, 1, 0, 0),
	(118, 'Primitive axe', '', 237, 1, 0, 45, 50, 1, 1, 0),
	(119, 'Hatchet', '1500 gr', 453, 4, 30, 46, 20, 1, 0, 0),
	(120, 'Primitive pickaxe', '', 237, 1, 0, 47, 20, 1, 1, 0),
	(121, 'Pickaxe', 'Simple pickaxe, yet better then primitive one.', 453, 4, 30, 48, 15, 1, 0, 0),
	(122, 'Hardened steel pickaxe', 'Hardened stell pickaxe for best mining performance', 453, 4, 60, 49, 30, 1, 0, 0),
	(123, 'Primitive saw', '', 237, 1, 0, 50, 20, 1, 1, 0),
	(124, 'Saw', 'Simple saw', 453, 4, 30, 51, 15, 1, 0, 0),
	(125, 'Breast plough', '', 247, 21, 0, 52, 40, 1, 1, 0),
	(126, 'Plough', '1400', 36, 8, 30, 53, 15, 1, 0, 0),
	(127, 'Torch', '', 237, 1, 0, 38, 40, 1, 0, 0),
	(128, 'Lamp', '', 453, 4, 30, 39, 25, 1, 0, 0),
	(129, 'Handle', '', 216, 8, 0, 254, 50, 1, 1, 0),
	(130, 'Wheel', '', 293, 8, 30, 255, 50, 1, 0, 0),
	(131, 'Charcoal', '', 117, 17, 30, 256, 15, 4, 1, 0),
	(132, 'Steel ingot', '1500', 138, 3, 60, 401, 10, 1, 1, 0),
	(133, 'Iron ingot', '1500', 112, 3, 0, 402, 20, 1, 1, 0),
	(134, 'Copper ingot', '1000', 112, 3, 0, 403, 20, 1, 1, 0),
	(135, 'Vostaskus ingot from lumps', '2000', 138, 3, 90, 404, 0, 1, 1, 0),
	(136, 'Silver ingot', '1000', 112, 3, 90, 405, 20, 1, 1, 0),
	(137, 'Gold Ingot', '1000', 112, 3, 90, 406, 20, 1, 1, 0),
	(138, 'Steel bar', '1500', 138, 3, 60, 407, 10, 1, 1, 0),
	(139, 'Iron bar', '1500', 112, 3, 0, 408, 20, 1, 1, 0),
	(140, 'Copper bar', '1000', 112, 3, 0, 409, 20, 1, 1, 0),
	(141, 'Irregular Alloy', '2000', 138, 3, 90, 1068, 35, 1, 1, 0),
	(142, 'Silver bar', '1000', 112, 3, 90, 411, 20, 1, 1, 0),
	(143, 'Gold Bar', '1000', 112, 3, 90, 412, 20, 1, 1, 0),
	(144, 'Lump of Steel', '1500', 138, 3, 60, 413, 10, 1, 1, 0),
	(145, 'Lump of Iron', '1500', 112, 3, 0, 414, 20, 2, 1, 0),
	(146, 'Lump of Copper', '1000', 112, 3, 0, 415, 20, 2, 1, 0),
	(147, 'Lump of Vostascus from bar', '2000', 138, 3, 90, 416, 0, 8, 1, 0),
	(148, 'Lump of silver', '1000', 112, 3, 30, 417, 20, 1, 1, 0),
	(149, 'Lump of Gold', '1000', 112, 3, 30, 418, 20, 1, 1, 0),
	(150, 'Hank of linen', '', 120, 23, 30, 260, 10, 1, 1, 0),
	(151, 'Linen cloth', '', 121, 23, 30, 261, 10, 1, 1, 0),
	(152, 'Linen rope', '', 295, 23, 30, 262, 30, 1, 1, 0),
	(153, 'Hank of Silk', '', 120, 23, 90, 263, 10, 1, 1, 0),
	(154, 'Silk cloth', '', 121, 23, 90, 264, 10, 1, 1, 0),
	(155, 'Hank of wool', '', 120, 23, 60, 265, 10, 1, 1, 0),
	(156, 'Wool cloth', '', 121, 23, 60, 266, 10, 1, 1, 0),
	(157, 'Unfired brick', 'Can be fired in kiln later', 204, 17, 0, 469, 10, 10, 1, 0),
	(158, 'Clay tile', '1000, 30', 117, 17, 30, 268, 5, 10, 1, 0),
	(159, 'Clay Anvil Form', '', 244, 17, 30, 276, 30, 1, 0, 0),
	(163, 'Glass', '', 117, 17, 30, 272, 25, 1, 1, 0),
	(186, 'Thick leather', '120 min', 472, 23, 60, 424, 10, 1, 0, 0),
	(187, 'Thin leather', '120 min', 472, 23, 60, 425, 10, 1, 0, 0),
	(188, 'Bone glue', '60 min', 111, 23, 0, 374, 20, 1, 1, 0),
	(189, 'Flour', '', 116, 32, 0, 375, 20, 1, 1, 0),
	(191, 'Flax fibers', '720 min', 472, 23, 0, 377, 5, 20, 0, 0),
	(192, 'Silk filaments', '', 253, 32, 90, 378, 10, 1, 1, 0),
	(193, 'Nails', '1250 gr', 453, 4, 0, 281, 20, 10, 1, 0),
	(194, 'Metal band', '1500', 453, 4, 0, 282, 20, 1, 1, 0),
	(195, 'Metal sheet', '1600', 453, 4, 0, 283, 20, 1, 1, 0),
	(196, 'Lock', '800', 453, 4, 60, 284, 40, 1, 0, 0),
	(197, 'Empty bottle', '', 294, 17, 60, 285, 10, 1, 1, 0),
	(198, 'Door module', '', 293, 8, 30, 286, 30, 1, 0, 0),
	(199, 'Gate module', '', 293, 8, 90, 287, 20, 1, 0, 0),
	(200, 'Window module', '', 293, 8, 30, 288, 40, 1, 1, 0),
	(201, 'Primitive knife', '', 237, 1, 0, 289, 40, 1, 1, 0),
	(202, 'Knife', '1500', 453, 4, 30, 290, 20, 1, 0, 0),
	(203, 'Skinning knife', '1500', 453, 4, 30, 291, 30, 1, 0, 0),
	(208, 'Cooking pot', '1100', 453, 4, 30, 1029, 30, 1, 0, 0),
	(210, 'Alchemical Glassware', '', 294, 17, 60, 222, 40, 1, 1, 0),
	(211, 'Distiller', '1360', 453, 4, 60, 223, 20, 1, 0, 0),
	(212, 'Carpenter''s toolkit', '1450', 453, 4, 30, 293, 20, 1, 0, 0),
	(213, 'Glassblower''s Tools', '1500', 453, 4, 30, 294, 30, 1, 0, 0),
	(214, 'Weaver''s toolkit', '1500', 453, 4, 30, 295, 20, 1, 0, 0),
	(216, 'Rags', '', 295, 25, 0, 297, 50, 1, 0, 0),
	(217, 'Monk''s outfit', '', 295, 25, 60, 298, 50, 1, 0, 0),
	(218, 'Simple Clothing', '', 295, 25, 30, 299, 50, 1, 0, 0),
	(220, 'Decorated Clothing', '', 295, 25, 60, 301, 50, 1, 0, 0),
	(222, 'Blacksmith''s outfit', '', 295, 25, 60, 303, 50, 1, 0, 0),
	(223, 'Carpenter''s outfit', '', 295, 25, 60, 304, 50, 1, 0, 0),
	(224, 'Alchemist''s Outfit', '', 295, 25, 60, 305, 50, 1, 0, 0),
	(225, 'Engineer''s outfit', '', 295, 25, 60, 306, 50, 1, 0, 0),
	(226, 'Cook''s outfit', '', 295, 25, 60, 307, 50, 1, 0, 0),
	(235, 'School', '', 32, 19, 60, 455, 35, 1, 0, 0),
	(236, 'Brick', '', 117, 17, 30, 267, 5, 10, 1, 0),
	(237, 'Unfired Clay Tile', '', 244, 17, 0, 470, 10, 10, 1, 0),
	(238, 'Unfired jug', '', 244, 17, 60, 468, 30, 1, 0, 0),
	(239, 'Jug', '', 117, 17, 60, 467, 15, 1, 0, 0),
	(241, 'Primitive crucible and stick', '', 237, 1, 0, 463, 50, 1, 0, 0),
	(242, 'Thick dried hide', '120 min', 118, 23, 30, 474, 15, 1, 0, 0),
	(243, 'Thin dried hide', '60 min', 118, 23, 30, 475, 15, 1, 0, 0),
	(244, 'Jeweler''s toolkit', '', 453, 4, 30, 527, 20, 1, 0, 0),
	(245, 'Silver ring', '', 527, 52, 0, 479, 30, 1, 1, 0),
	(246, 'Gold ring', '', 527, 52, 0, 487, 30, 1, 1, 0),
	(247, 'Gold and silver ring', '', 527, 52, 30, 499, 30, 1, 1, 0),
	(248, 'Gold and silver amulet', '', 527, 52, 30, 488, 30, 1, 1, 0),
	(249, 'Silver jeweled necklace', '', 527, 52, 60, 489, 30, 1, 1, 0),
	(250, 'Gold jeweled necklace', '', 527, 52, 60, 490, 30, 1, 1, 0),
	(251, 'Exceptional gold and silver amulet', '', 527, 52, 90, 491, 10, 1, 1, 0),
	(252, 'Exceptional gold and silver ring', '', 527, 52, 90, 498, 10, 1, 1, 0),
	(253, 'Silver amethyst ring', '', 527, 52, 60, 492, 20, 1, 1, 0),
	(254, 'Silver garnet ring', '', 527, 52, 60, 493, 20, 1, 1, 0),
	(255, 'Silver ruby ring', '', 527, 52, 60, 494, 20, 1, 1, 0),
	(256, 'Gold emerald ring', '', 527, 52, 60, 495, 20, 1, 1, 0),
	(257, 'Gold sapphire ring', '', 527, 52, 60, 496, 20, 1, 1, 0),
	(258, 'Gold diamond ring', '', 527, 52, 60, 497, 20, 1, 1, 0),
	(259, 'Wooden Wall', '', 32, 18, 0, 501, 30, 1, 0, 0),
	(260, 'Wooden Wall with Stairs', '', 32, 18, 0, 502, 30, 1, 0, 0),
	(261, 'Wooden Gates', '', 32, 18, 0, 503, 25, 1, 0, 0),
	(262, 'Wooden Gatehouse', '', 32, 18, 90, 504, 25, 1, 0, 0),
	(263, 'Stone Wall', '', 32, 19, 0, 505, 30, 1, 0, 0),
	(264, 'Stone Wall with Stairs', '', 32, 19, 0, 506, 30, 1, 0, 0),
	(265, 'Stone Tower', '', 32, 19, 30, 507, 35, 1, 0, 0),
	(266, 'Stone Angular Tower', '', 32, 19, 30, 508, 35, 1, 0, 0),
	(267, 'Stone Gatehouse', '', 32, 19, 60, 509, 35, 1, 0, 0),
	(268, 'Castle Wall', '', 32, 20, 0, 510, 25, 1, 0, 0),
	(269, 'Castle Wall with Hoarding', '', 32, 20, 30, 511, 25, 1, 0, 0),
	(270, 'Castle Tower', '', 32, 20, 30, 512, 25, 1, 0, 0),
	(271, 'Castle Tower Angle', '', 32, 20, 60, 513, 20, 1, 0, 0),
	(272, 'Castle Gatehouse', '', 32, 20, 60, 514, 20, 1, 0, 0),
	(274, 'Wooden Warehouse', '', 32, 19, 60, 516, 30, 1, 0, 0),
	(275, 'Wooden Barn', '', 32, 19, 60, 517, 30, 1, 0, 0),
	(276, 'Wooden Carpenter''s Shop', '', 32, 19, 60, 518, 25, 1, 0, 0),
	(277, 'Wooden Herbalist''s Shop', '', 32, 19, 60, 519, 25, 1, 0, 0),
	(278, 'Wooden School', '', 32, 19, 60, 520, 25, 1, 0, 0),
	(279, 'Big Wooden House', '', 32, 19, 60, 521, 25, 1, 0, 0),
	(280, 'Mortar', '', 117, 17, 30, 528, 25, 5, 1, 0),
	(281, 'Full plate helm', '', 293, 5, 90, 547, 40, 1, 0, 1),
	(282, 'Full plate breastplate', '', 293, 5, 90, 548, 40, 1, 0, 1),
	(283, 'Full plate vambraces', '', 293, 5, 90, 549, 40, 1, 0, 1),
	(284, 'Full plate gauntlets', '', 293, 5, 90, 550, 40, 1, 0, 1),
	(285, 'Full plate leggings', '', 293, 5, 90, 551, 40, 1, 0, 1),
	(286, 'Full plate greaves', '', 293, 5, 90, 552, 40, 1, 0, 1),
	(287, 'Primitive fishing pole', '', 237, 1, 0, 620, 40, 1, 1, 0),
	(288, 'Fishing pole', '', 293, 8, 0, 621, 55, 1, 1, 0),
	(289, 'Simple Bow', '', 216, 9, 0, 600, 30, 1, 0, 0),
	(290, 'Short bow', '', 216, 9, 30, 601, 30, 1, 0, 0),
	(291, 'Light Crossbow', '', 216, 9, 30, 604, 30, 1, 0, 0),
	(292, 'Long Bow', '', 216, 9, 60, 602, 30, 1, 0, 0),
	(293, 'Arbalest', '', 216, 9, 60, 605, 30, 1, 0, 0),
	(294, 'Composite Bow', '', 216, 9, 90, 603, 30, 1, 0, 0),
	(295, 'Heavy Crossbow', '', 216, 9, 90, 606, 30, 1, 0, 0),
	(296, 'Arrow', '', 216, 9, 0, 660, 20, 10, 1, 0),
	(297, 'Bolt', '', 216, 9, 0, 662, 20, 5, 1, 0),
	(298, 'Dull arrow', '', 216, 9, 30, 659, 20, 10, 1, 0),
	(299, 'Dull bolt', '', 216, 9, 30, 663, 20, 5, 1, 0),
	(300, 'Heavy bolt', '', 216, 9, 60, 664, 20, 5, 1, 0),
	(301, 'Bodkin arrow', '', 216, 9, 60, 656, 20, 10, 1, 0),
	(302, 'Broadhead arrow', '', 216, 9, 60, 657, 20, 10, 1, 0),
	(303, 'Fire arrow', '', 216, 9, 60, 658, 20, 10, 1, 0),
	(304, 'Estoc', '', 453, 4, 30, 562, 30, 1, 0, 0),
	(305, 'Bastard Sword', '', 453, 4, 30, 563, 30, 1, 0, 0),
	(306, 'Big Falchion', '', 453, 4, 30, 564, 30, 1, 0, 0),
	(307, 'Nordic Sword', '', 453, 4, 30, 556, 30, 1, 0, 0),
	(308, 'Knight Sword', '', 453, 4, 30, 557, 30, 1, 0, 0),
	(309, 'Light Sabre', '', 453, 4, 30, 558, 30, 1, 0, 0),
	(310, 'Scimitar', '', 453, 4, 30, 559, 30, 1, 0, 0),
	(311, 'Falchion', '', 453, 4, 30, 560, 30, 1, 0, 0),
	(312, 'Gross Messer', '', 453, 4, 30, 565, 30, 1, 0, 0),
	(313, 'Claymore', '', 453, 4, 30, 575, 30, 1, 0, 0),
	(314, 'Zweihaender', '', 453, 4, 30, 576, 30, 1, 0, 0),
	(315, 'Flamberge', '', 453, 4, 30, 577, 30, 1, 0, 0),
	(316, 'Spear', '', 453, 4, 30, 591, 30, 1, 0, 0),
	(317, 'Boar Spear', '', 453, 4, 30, 592, 30, 1, 0, 0),
	(318, 'Awl Pike', '', 453, 4, 30, 593, 30, 1, 0, 0),
	(319, 'Bec de Corbin', '', 453, 4, 30, 594, 30, 1, 0, 0),
	(320, 'Pollaxe', '', 453, 4, 30, 579, 30, 1, 0, 0),
	(321, 'Bardiche', '', 453, 4, 30, 580, 30, 1, 0, 0),
	(322, 'Glaive', '', 453, 4, 30, 585, 30, 1, 0, 0),
	(323, 'Guisarme', '', 453, 4, 30, 586, 30, 1, 0, 0),
	(324, 'War Scythe', '', 453, 4, 30, 587, 30, 1, 0, 0),
	(325, 'Pitchfork', '', 453, 4, 30, 588, 30, 1, 0, 0),
	(326, 'Partisan', '', 453, 4, 30, 589, 30, 1, 0, 0),
	(327, 'Nordic Axe', '', 453, 4, 30, 569, 30, 1, 0, 0),
	(328, 'Battle Axe', '', 453, 4, 30, 568, 30, 1, 0, 0),
	(329, 'War Axe', '', 453, 4, 30, 567, 30, 1, 0, 0),
	(330, 'Broad Axe', '', 453, 4, 30, 581, 30, 1, 0, 0),
	(331, 'Lance', '', 453, 4, 30, 598, 30, 1, 0, 0),
	(332, 'Jousting Lance', '', 453, 4, 30, 599, 30, 1, 0, 0),
	(333, 'Short Pike', '', 453, 4, 30, 595, 30, 1, 0, 0),
	(334, 'Medium Pike', '', 453, 4, 30, 596, 30, 1, 0, 0),
	(335, 'Long Pike', '', 453, 4, 30, 597, 30, 1, 0, 0),
	(336, 'Morning Star', '', 453, 4, 30, 570, 30, 1, 0, 0),
	(337, 'Flanged Mace', '', 453, 4, 30, 571, 30, 1, 0, 0),
	(338, 'War Pick', '', 453, 4, 30, 573, 30, 1, 0, 0),
	(339, 'Maul', '', 453, 4, 30, 583, 30, 1, 0, 0),
	(340, 'Sledge Hammer', '', 453, 4, 30, 582, 30, 1, 0, 0),
	(341, 'Campfire', '', 237, 1, 0, 682, 60, 1, 0, 0),
	(342, 'Mortar and pestle', '', 237, 1, 0, 683, 40, 1, 0, 0),
	(343, 'Practice Sword', '', 293, 8, 30, 555, 30, 1, 1, 0),
	(344, 'Practice Axe', '', 293, 8, 30, 566, 30, 1, 1, 0),
	(345, 'Practice Longsword', '', 293, 8, 30, 574, 30, 1, 1, 0),
	(346, 'Practice Maul', '', 293, 8, 30, 584, 30, 1, 1, 0),
	(347, 'Cudgel', '', 293, 8, 30, 572, 40, 1, 1, 0),
	(348, 'Staff', '', 293, 8, 30, 590, 30, 1, 1, 0),
	(349, 'Practice Bastard', '', 293, 8, 30, 561, 30, 1, 1, 0),
	(350, 'Practice Great Axe', '', 293, 8, 30, 578, 30, 1, 1, 0),
	(351, 'Half Plate Helm', '', 293, 5, 60, 627, 40, 1, 0, 0),
	(352, 'Half Plate Breastplate', '', 293, 5, 60, 628, 40, 1, 0, 0),
	(353, 'Half Plate Vambraces', '', 293, 5, 60, 629, 40, 1, 0, 0),
	(354, 'Half Plate Gauntlets', '', 293, 5, 60, 630, 40, 1, 0, 0),
	(355, 'Half Plate Leggings', '', 293, 5, 60, 631, 40, 1, 0, 0),
	(356, 'Half Plate Greaves', '', 293, 5, 60, 632, 40, 1, 0, 0),
	(357, 'Iron Plate Helm', '', 293, 5, 30, 633, 40, 1, 0, 0),
	(358, 'Iron Plate Breastplate', '', 293, 5, 30, 634, 40, 1, 0, 0),
	(359, 'Iron Plate Vambraces', '', 293, 5, 30, 635, 40, 1, 0, 0),
	(360, 'Iron Plate Gauntlets', '', 293, 5, 30, 636, 40, 1, 0, 0),
	(361, 'Iron Plate Leggings', '', 293, 5, 30, 637, 40, 1, 0, 0),
	(362, 'Iron Plate Greaves', '', 293, 5, 30, 638, 40, 1, 0, 0),
	(363, 'Royal Full Plate Greaves', '', 293, 5, 100, 802, 40, 1, 0, 1),
	(364, 'Royal Full Plate Leggings', '', 293, 5, 100, 801, 40, 1, 0, 1),
	(365, 'Royal Full Plate Gauntlets', '', 293, 5, 100, 800, 40, 1, 0, 1),
	(366, 'Royal Full Plate Vambraces', '', 293, 5, 100, 799, 40, 1, 0, 1),
	(367, 'Royal Full Plate Breastplate', '', 293, 5, 100, 798, 40, 1, 0, 1),
	(368, 'Royal Full Plate Helm', '', 293, 5, 100, 797, 40, 1, 0, 1),
	(369, 'Novice Padded Helm', '', 295, 25, 0, 885, 30, 1, 0, 0),
	(370, 'Novice Padded Breastplate', '', 295, 25, 0, 886, 30, 1, 0, 0),
	(371, 'Novice Padded Vambraces', '', 295, 25, 0, 887, 30, 1, 0, 0),
	(372, 'Novice Padded Gauntlets', '', 295, 25, 0, 888, 30, 1, 0, 0),
	(373, 'Novice Padded Leggings', '', 295, 25, 0, 889, 30, 1, 0, 0),
	(374, 'Novice Padded Greaves', '', 295, 25, 0, 890, 30, 1, 0, 0),
	(375, 'Regular Padded Helm', '', 295, 25, 30, 891, 30, 1, 0, 0),
	(376, 'Regular Padded Tunic', '', 295, 25, 30, 892, 30, 1, 0, 0),
	(377, 'Regular Padded Vambraces', '', 295, 25, 30, 893, 30, 1, 0, 0),
	(378, 'Regular Padded Gauntlets', '', 295, 25, 30, 894, 30, 1, 0, 0),
	(379, 'Regular Padded Leggings', '', 295, 25, 30, 895, 30, 1, 0, 0),
	(380, 'Regular Padded Greaves', '', 295, 25, 30, 896, 30, 1, 0, 0),
	(381, 'Heavy Padded Helm', '', 295, 25, 90, 897, 30, 1, 0, 1),
	(382, 'Heavy Padded Tunic', '', 295, 25, 90, 898, 30, 1, 0, 1),
	(383, 'Heavy Padded Vambraces', '', 295, 25, 90, 899, 30, 1, 0, 1),
	(384, 'Heavy Padded Gauntlets', '', 295, 25, 90, 900, 30, 1, 0, 1),
	(385, 'Heavy Padded Leggings', '', 295, 25, 90, 901, 30, 1, 0, 1),
	(386, 'Heavy Padded Greaves', '', 295, 25, 90, 902, 30, 1, 0, 1),
	(387, 'Royal Padded Helm', '', 295, 25, 100, 903, 30, 1, 0, 1),
	(388, 'Royal Padded Tunic', '', 295, 25, 100, 904, 30, 1, 0, 1),
	(389, 'Royal Padded Vambraces', '', 295, 25, 100, 905, 30, 1, 0, 1),
	(390, 'Royal Padded Gauntlets', '', 295, 25, 100, 906, 30, 1, 0, 1),
	(391, 'Royal Padded Leggings', '', 295, 25, 100, 907, 30, 1, 0, 1),
	(392, 'Royal Padded Greaves', '', 295, 25, 100, 908, 30, 1, 0, 1),
	(393, 'Novice Leather Helm', '', 1394, 25, 30, 857, 30, 1, 0, 0),
	(394, 'Novice Leather Breastplate', '', 1394, 25, 30, 858, 30, 1, 0, 0),
	(395, 'Novice Leather Vambraces', '', 1394, 25, 30, 859, 30, 1, 0, 0),
	(396, 'Novice Leather Gauntlets', '', 1394, 25, 30, 860, 30, 1, 0, 0),
	(397, 'Novice Leather Leggings', '', 1394, 25, 30, 861, 30, 1, 0, 0),
	(398, 'Novice Leather Greaves', '', 1394, 25, 30, 862, 30, 1, 0, 0),
	(399, 'Regular Leather Helm', '', 1394, 25, 60, 863, 30, 1, 0, 0),
	(400, 'Regular Leather Breastplate', '', 1394, 25, 60, 864, 30, 1, 0, 0),
	(401, 'Regular Leather Vambraces', '', 1394, 25, 60, 865, 30, 1, 0, 0),
	(402, 'Regular Leather Gauntlets', '', 1394, 25, 60, 866, 30, 1, 0, 0),
	(403, 'Regular Leather Leggings', '', 1394, 25, 60, 867, 30, 1, 0, 0),
	(404, 'Regular Leather Greaves', '', 1394, 25, 60, 868, 30, 1, 0, 0),
	(405, 'Heavy Leather Helm', '', 1394, 25, 90, 869, 30, 1, 0, 1),
	(406, 'Heavy Leather Breastplate', '', 1394, 25, 90, 870, 30, 1, 0, 1),
	(407, 'Heavy Leather Vambraces', '', 1394, 25, 90, 871, 30, 1, 0, 1),
	(408, 'Heavy Leather Gauntlets', '', 1394, 25, 90, 872, 30, 1, 0, 1),
	(409, 'Heavy Leather Leggings', '', 1394, 25, 90, 873, 30, 1, 0, 1),
	(410, 'Heavy Leather Greaves', '', 1394, 25, 90, 874, 30, 1, 0, 1),
	(411, 'Royal Leather Helm', '', 1394, 25, 100, 875, 30, 1, 0, 1),
	(412, 'Royal Leather Breastplate', '', 1394, 25, 100, 876, 30, 1, 0, 1),
	(413, 'Royal Leather Vambraces', '', 1394, 25, 100, 877, 30, 1, 0, 1),
	(414, 'Royal Leather Gauntlets', '', 1394, 25, 100, 878, 30, 1, 0, 1),
	(415, 'Royal Leather Leggings', '', 1394, 25, 100, 879, 30, 1, 0, 1),
	(416, 'Royal Leather Greaves', '', 1394, 25, 100, 880, 30, 1, 0, 1),
	(417, 'Light Chainmail Helm', '', 293, 5, 30, 831, 40, 1, 0, 0),
	(418, 'Light Chainmail Tunic', '', 293, 5, 30, 832, 40, 1, 0, 0),
	(419, 'Light Chainmail Vambraces', '', 293, 5, 30, 833, 40, 1, 0, 0),
	(420, 'Light Chainmail Gauntlets', '', 293, 5, 30, 909, 40, 1, 0, 0),
	(421, 'Light Chainmail Leggings', '', 293, 5, 30, 834, 40, 1, 0, 0),
	(422, 'Light Chainmail Greaves', '', 293, 5, 30, 835, 40, 1, 0, 0),
	(423, 'Regular Chainmail Helm', '', 293, 5, 60, 836, 40, 1, 0, 0),
	(424, 'Regular Chainmail Tunic', '', 293, 5, 60, 837, 40, 1, 0, 0),
	(425, 'Regular Chainmail Vambraces', '', 293, 5, 60, 838, 40, 1, 0, 0),
	(426, 'Regular Chainmail Gauntlets', '', 293, 5, 60, 839, 40, 1, 0, 0),
	(427, 'Regular Chainmail Leggings', '', 293, 5, 60, 910, 40, 1, 0, 0),
	(428, 'Regular Chainmail Greaves', '', 293, 5, 60, 840, 40, 1, 0, 0),
	(429, 'Heavy Chainmail Helm', '', 293, 5, 90, 841, 40, 1, 0, 1),
	(430, 'Heavy Chainmail Tunic', '', 293, 5, 90, 842, 40, 1, 0, 1),
	(431, 'Heavy Chainmail Vambraces', '', 293, 5, 90, 843, 40, 1, 0, 1),
	(432, 'Heavy Chainmail Gauntlets', '', 293, 5, 90, 844, 40, 1, 0, 1),
	(433, 'Heavy Chainmail Leggings', '', 293, 5, 90, 845, 40, 1, 0, 1),
	(434, 'Heavy Chainmail Greaves', '', 293, 5, 90, 846, 40, 1, 0, 1),
	(435, 'Royal Chainmail Helm', '', 293, 5, 100, 847, 40, 1, 0, 1),
	(436, 'Royal Chainmail Tunic', '', 293, 5, 100, 848, 40, 1, 0, 1),
	(437, 'Royal Chainmail Vambraces', '', 293, 5, 100, 849, 40, 1, 0, 1),
	(438, 'Royal Chainmail Gauntlets', '', 293, 5, 100, 850, 40, 1, 0, 1),
	(439, 'Royal Chainmail Leggings', '', 293, 5, 100, 851, 40, 1, 0, 1),
	(440, 'Royal Chainmail Greaves', '', 293, 5, 100, 852, 40, 1, 0, 1),
	(441, 'Primitive shield', '', 293, 8, 0, 613, 30, 1, 1, 0),
	(442, 'Buckler shield', '', 293, 8, 30, 614, 30, 1, 1, 0),
	(443, 'Heater shield', '', 293, 8, 30, 615, 30, 1, 0, 0),
	(444, 'Targe shield', '', 293, 8, 30, 612, 30, 1, 0, 0),
	(445, 'Kite shield', '', 293, 8, 30, 616, 30, 1, 0, 0),
	(446, 'Tower shield', '', 293, 8, 60, 617, 30, 1, 0, 0),
	(447, 'Pavise', '', 293, 8, 60, 618, 30, 1, 0, 0),
	(448, 'Flour with windmill', '', 137, 32, 40, 375, 20, 10, 1, 0),
	(449, 'Beef Steak', '', 1054, 11, 0, 951, 20, 1, 1, 0),
	(450, 'Bread', '', 1054, 24, 0, 316, 20, 1, 1, 0),
	(451, 'Fried Herring', '', 1054, 11, 0, 952, 20, 1, 1, 0),
	(452, 'Fried Trout', '', 1054, 11, 0, 953, 20, 1, 1, 0),
	(453, 'Cabbage Stew', '', 1054, 11, 0, 954, 20, 1, 1, 0),
	(454, 'Pea Porridge', '', 1054, 11, 0, 955, 20, 1, 1, 0),
	(455, 'Boiled Potatoes', '', 1054, 11, 0, 956, 20, 1, 1, 0),
	(456, 'Boiled Eggs', '', 1054, 11, 0, 1025, 20, 1, 1, 0),
	(457, 'Bacon', '', 1054, 11, 0, 957, 20, 1, 1, 0),
	(458, 'Cheese', '', 1054, 24, 0, 958, 20, 1, 1, 0),
	(459, 'Boiled Chicken', '', 1054, 11, 0, 959, 20, 1, 1, 0),
	(460, 'Fried Beast', '', 1054, 11, 0, 960, 20, 1, 1, 0),
	(461, 'Compote', '', 1054, 24, 0, 966, 20, 1, 1, 0),
	(462, 'Berries in Honey', '', 1054, 24, 0, 967, 20, 1, 1, 0),
	(463, 'Baklava', '', 1054, 24, 0, 965, 20, 1, 1, 0),
	(464, 'Pasta', '', 1054, 24, 0, 969, 20, 1, 1, 0),
	(465, 'Cake with Giblets', '', 1054, 24, 0, 968, 20, 1, 1, 0),
	(466, 'Apple Buns', '', 1054, 24, 0, 974, 20, 1, 1, 0),
	(467, 'Samsa', '', 1054, 24, 0, 976, 20, 1, 1, 0),
	(468, 'Cheese Buns', '', 1054, 24, 0, 978, 20, 2, 1, 0),
	(469, 'Milky Bread', '', 1054, 24, 0, 979, 20, 1, 1, 0),
	(470, 'Milky Salmon', '', 1054, 24, 0, 973, 20, 1, 1, 0),
	(471, 'Codfish with Cabbage', '', 1054, 24, 0, 964, 20, 1, 1, 0),
	(472, 'Wild Meat with Peas', '', 1054, 24, 0, 963, 20, 1, 1, 0),
	(473, 'Fried Eggs', '', 1054, 24, 0, 971, 20, 1, 1, 0),
	(474, 'Mutton Steak', '', 1054, 24, 0, 975, 20, 1, 1, 0),
	(475, 'Onion Soup', '', 1054, 24, 0, 970, 20, 2, 1, 0),
	(476, 'Pecene Veprove Koleno', '', 1054, 24, 0, 972, 20, 1, 1, 0),
	(477, 'Goulash', '', 1054, 24, 0, 977, 20, 2, 1, 0),
	(478, 'Rollmops', '', 1054, 24, 30, 980, 20, 2, 1, 0),
	(479, 'Eggnog', '', 1054, 24, 30, 982, 20, 2, 1, 0),
	(480, 'Cookies', '', 1054, 24, 30, 984, 20, 2, 1, 0),
	(481, 'Confiture', '', 1054, 24, 30, 986, 20, 1, 1, 0),
	(482, 'Trout in Berrie Sauce', '', 1054, 24, 30, 988, 20, 2, 1, 0),
	(483, 'Normann Bread', '', 1054, 24, 30, 990, 20, 2, 1, 0),
	(484, 'Cabbage Pies', '', 1054, 24, 30, 992, 20, 2, 1, 0),
	(485, 'Mulled Wine', '', 1054, 24, 30, 981, 20, 2, 1, 0),
	(486, 'Potato with Mushrooms', '', 1054, 24, 30, 983, 20, 2, 1, 0),
	(487, 'Mutton with Peas', '', 1054, 24, 30, 985, 20, 2, 1, 0),
	(488, 'Codfish with Mushrooms', '', 1054, 24, 30, 987, 20, 2, 1, 0),
	(489, 'Fried Salmon Patties', '', 1054, 24, 30, 989, 20, 2, 1, 0),
	(490, 'Pea Porky soup', '', 1054, 24, 30, 991, 20, 2, 1, 0),
	(491, 'Julienne', '', 1054, 24, 30, 993, 20, 2, 1, 0),
	(492, 'Egg Pies', '', 1054, 24, 30, 994, 20, 2, 1, 0),
	(493, 'Pea Soup Puree', '', 1054, 24, 30, 995, 20, 2, 1, 0),
	(494, 'Wild Soup', '', 1054, 24, 30, 996, 20, 2, 1, 0),
	(495, 'Omelet', '', 1054, 24, 30, 997, 20, 2, 1, 0),
	(496, 'Crispy Chicken', '', 1054, 24, 30, 998, 20, 2, 1, 0),
	(497, 'Beast Steak', '', 1054, 24, 30, 999, 20, 2, 1, 0),
	(498, 'Beef Stew', '', 1054, 24, 30, 1000, 20, 2, 1, 0),
	(499, 'Apple Berry Pie', '', 1054, 24, 60, 1012, 20, 2, 1, 0),
	(500, 'Fish Cakes', '', 1054, 24, 60, 1010, 20, 2, 1, 0),
	(501, 'Apple Gamburg Soup', '', 1054, 24, 60, 1008, 20, 2, 1, 0),
	(502, 'King''s Beef Stew', '', 1054, 24, 60, 1006, 20, 2, 1, 0),
	(503, 'Yorkshire Pudding', '', 1054, 24, 60, 1004, 20, 2, 1, 0),
	(504, 'Lamb Stew with Cabbage', '', 1054, 24, 60, 1002, 20, 2, 1, 0),
	(505, 'Stuffed Rabbit', '', 1054, 24, 60, 1011, 20, 2, 1, 0),
	(506, 'Vegetable Soup', '', 1054, 24, 60, 1009, 20, 2, 1, 0),
	(507, 'Apple Meat Loaf', '', 1054, 24, 60, 1007, 20, 2, 1, 0),
	(508, 'Beef Cabbage Hash', '', 1054, 24, 60, 1005, 20, 2, 1, 0),
	(509, 'Pork Sausage', '', 1054, 24, 60, 1003, 20, 2, 1, 0),
	(510, 'Herring Salad', '', 1054, 24, 60, 1001, 20, 2, 1, 0),
	(511, 'Ravioli', '', 1054, 24, 90, 1013, 20, 2, 1, 0),
	(512, 'Chicken Pie', '', 1054, 24, 90, 1014, 20, 2, 1, 0),
	(513, 'Pizza', '', 1054, 24, 90, 1015, 20, 2, 1, 0),
	(514, 'Greatberry Pie', '', 1054, 24, 90, 1016, 20, 2, 1, 0),
	(515, 'Cod Chowder', '', 1054, 24, 90, 1017, 20, 2, 1, 0),
	(516, 'Venison Stew', '', 1054, 24, 90, 1018, 20, 2, 1, 0),
	(517, 'Venison Bratawurst Sausage', '', 1054, 24, 90, 1019, 20, 2, 1, 0),
	(518, 'Waterzooi', '', 1054, 24, 90, 1020, 20, 2, 1, 0),
	(519, 'Meat Kabobs', '', 1054, 24, 90, 1021, 20, 2, 1, 0),
	(520, 'Meat Stew', '', 1054, 24, 90, 1022, 20, 2, 1, 0),
	(521, 'Fish Stew', '', 1054, 24, 90, 1023, 20, 2, 1, 0),
	(522, 'Cottage Pie', '', 1054, 24, 90, 1024, 20, 2, 1, 0),
	(523, 'Primitive Cooking Pot', '', 237, 1, 0, 1028, 60, 1, 0, 0),
	(524, 'Small Plaster House', '', 32, 18, 60, 1055, 35, 1, 0, 0),
	(525, 'Light Scale Helm', '', 293, 5, 30, 803, 40, 1, 0, 0),
	(526, 'Light Scale Tunic', '', 293, 5, 30, 804, 40, 1, 0, 0),
	(527, 'Light Scale Vambraces', '', 293, 5, 30, 805, 40, 1, 0, 0),
	(528, 'Light Scale Gauntlets', '', 293, 5, 30, 806, 40, 1, 0, 0),
	(529, 'Light Scale Leggings', '', 293, 5, 30, 807, 40, 1, 0, 0),
	(530, 'Light Scale Greaves', '', 293, 5, 30, 808, 40, 1, 0, 0),
	(531, 'Regular Scale Helm', '', 293, 5, 60, 809, 40, 1, 0, 0),
	(532, 'Regular Scale Tunic', '', 293, 5, 60, 810, 40, 1, 0, 0),
	(533, 'Regular Scale Vambraces', '', 293, 5, 60, 811, 40, 1, 0, 0),
	(534, 'Regular Scale Gauntlets', '', 293, 5, 60, 812, 40, 1, 0, 0),
	(535, 'Regular Scale Leggings', '', 293, 5, 60, 813, 40, 1, 0, 0),
	(536, 'Regular Scale Greaves', '', 293, 5, 60, 814, 40, 1, 0, 0),
	(537, 'Heavy Scale Helm', '', 293, 5, 90, 815, 40, 1, 0, 1),
	(538, 'Heavy Scale Tunic', '', 293, 5, 90, 816, 40, 1, 0, 1),
	(539, 'Heavy Scale Vambraces', '', 293, 5, 90, 817, 40, 1, 0, 1),
	(540, 'Heavy Scale Gauntlets', '', 293, 5, 90, 818, 40, 1, 0, 1),
	(541, 'Heavy Scale Leggings', '', 293, 5, 90, 819, 40, 1, 0, 1),
	(542, 'Heavy Scale Greaves', '', 293, 5, 90, 820, 40, 1, 0, 1),
	(543, 'Royal Scale Helm', '', 293, 5, 100, 821, 40, 1, 0, 1),
	(544, 'Royal Scale Tunic', '', 293, 5, 100, 822, 40, 1, 0, 1),
	(545, 'Royal Scale Vambraces', '', 293, 5, 100, 823, 40, 1, 0, 1),
	(546, 'Royal Scale Gauntlets', '', 293, 5, 100, 824, 40, 1, 0, 1),
	(547, 'Royal Scale Leggings', '', 293, 5, 100, 825, 40, 1, 0, 1),
	(548, 'Royal Scale Greaves', '', 293, 5, 100, 826, 40, 1, 0, 1),
	(549, 'Fried Salmon', '', 1054, 11, 0, 1063, 20, 10, 1, 0),
	(550, 'Fried Codfish', '', 1054, 11, 0, 1064, 20, 8, 1, 0),
	(551, 'Horse Armor', '', 293, 5, 90, 1065, 30, 1, 0, 0),
	(552, 'Heavy Targe Shield', '', 293, 8, 60, 1066, 30, 1, 0, 0),
	(553, 'Vostaskus bar', '2000', 138, 3, 90, 410, 20, 1, 1, 0),
	(554, 'Lump of copper from bar', '', 112, 3, 0, 415, 0, 8, 1, 0),
	(555, 'Lump of copper from ingot', '', 112, 3, 0, 415, 0, 40, 1, 0),
	(556, 'Copper bar from lumps', '', 112, 3, 0, 409, 0, 1, 1, 0),
	(557, 'Copper bar from ingot', '', 112, 3, 0, 409, 0, 5, 1, 0),
	(558, 'Copper ingot from lumps', '', 112, 3, 0, 403, 0, 1, 1, 0),
	(559, 'Copper ingot from bars', '', 112, 3, 0, 403, 0, 1, 1, 0),
	(560, 'Lump of iron from bar', '', 112, 3, 0, 414, 0, 8, 1, 0),
	(561, 'Lump of iron from ingot', '', 112, 3, 0, 414, 0, 40, 1, 0),
	(562, 'Iron bar from lumps', '', 112, 3, 0, 408, 0, 1, 1, 0),
	(563, 'Iron bar from ingot', '', 112, 3, 0, 408, 0, 5, 1, 0),
	(564, 'Iron ingot from lumps', '', 112, 3, 0, 402, 0, 1, 1, 0),
	(565, 'Iron ingot from bars', '', 112, 3, 0, 402, 0, 1, 1, 0),
	(566, 'Lump of silver from bar', '', 112, 3, 30, 417, 0, 8, 1, 0),
	(567, 'Lump of silver from ingot', '', 112, 3, 30, 417, 0, 40, 1, 0),
	(568, 'silver bar from lumps', '', 112, 3, 90, 411, 0, 1, 1, 0),
	(569, 'silver bar from ingot', '', 112, 3, 90, 411, 0, 5, 1, 0),
	(570, 'silver ingot from lumps', '', 112, 3, 90, 405, 0, 1, 1, 0),
	(571, 'silver ingot from bars', '', 112, 3, 90, 405, 0, 1, 1, 0),
	(572, 'Lump of gold from bar', '', 112, 3, 30, 418, 0, 8, 1, 0),
	(573, 'Lump of gold from ingot', '', 112, 3, 30, 418, 0, 40, 1, 0),
	(574, 'gold bar from lumps', '', 112, 3, 90, 412, 0, 1, 1, 0),
	(575, 'gold bar from ingot', '', 112, 3, 90, 412, 0, 5, 1, 0),
	(576, 'gold ingot from lumps', '', 112, 3, 90, 406, 0, 1, 1, 0),
	(577, 'gold ingot from bars', '', 112, 3, 90, 406, 0, 1, 1, 0),
	(578, 'Lump of Vostascus from ingot', '2000', 138, 3, 90, 416, 0, 40, 1, 0),
	(579, 'Vostascus bar from lumps', '2000', 138, 3, 90, 410, 0, 1, 1, 0),
	(580, 'Vostascus bar from ingots', '2000', 138, 3, 90, 410, 0, 5, 1, 0),
	(581, 'Vostascus ingot from bars', '2000', 138, 3, 90, 404, 0, 1, 1, 0),
	(582, 'Lump of steel from bar', '', 138, 3, 0, 413, 0, 8, 1, 0),
	(583, 'Lump of steel from ingot', '', 138, 3, 0, 413, 0, 40, 1, 0),
	(584, 'Steel bar from lumps', '', 138, 3, 0, 407, 0, 1, 1, 0),
	(585, 'Steel bar from ingot', '', 138, 3, 0, 407, 0, 5, 1, 0),
	(586, 'Steel ingot from lumps', '', 138, 3, 0, 401, 0, 1, 1, 0),
	(587, 'Steel ingot from bars', '', 138, 3, 0, 401, 0, 1, 1, 0),
	(589, 'Wooden Fence (diagonal)', '', 32, 18, 0, 1073, 30, 1, 0, 0),
	(590, 'Wattle Fence (diagonal)', '', 32, 18, 0, 1074, 30, 1, 0, 0),
	(591, 'Stone Fence (diagonal)', '', 32, 19, 0, 1075, 45, 1, 0, 0),
	(592, 'Palisade Wall (diagonal)', '', 32, 18, 0, 1072, 30, 1, 0, 0),
	(593, 'Tanning Tub', '', 36, 8, 15, 472, 40, 1, 0, 0),
	(594, 'Trading Post', '', 32, 20, 0, 1077, 35, 1, 0, 0),
	(595, 'Plaster Tiny Shack', '', 32, 18, 0, 1084, 35, 1, 0, 0),
	(596, 'Wooden House', '', 32, 19, 60, 1085, 35, 1, 0, 0),
	(597, '3 Story Wooden House', '', 32, 20, 30, 1086, 35, 1, 0, 0),
	(598, '3 Story Plaster House', '', 32, 20, 30, 1087, 35, 1, 0, 0),
	(599, 'Big 3 Story Wooden House', '', 32, 20, 90, 1088, 35, 1, 0, 0),
	(600, 'Big 3 Story Plaster House', '', 32, 20, 90, 1089, 35, 1, 0, 0),
	(601, 'Shaped Rock', '', 35, 17, 0, 269, 45, 1, 1, 0),
	(602, 'Shaped Granite', '', 35, 17, 0, 271, 45, 1, 1, 0),
	(603, 'Marble Plate', '', 35, 17, 0, 270, 45, 1, 1, 0),
	(604, 'Stone Wall (diagonal)', '', 32, 19, 0, 1094, 30, 1, 0, 0),
	(605, 'Castle Wall (diagonal)', '', 32, 20, 0, 1095, 25, 1, 0, 0),
	(606, 'Small Keep', '', 32, 19, 60, 1092, 45, 1, 0, 0),
	(607, 'Windmill (Wooden)', '', 32, 19, 90, 1093, 25, 1, 0, 0),
	(608, 'Animal Trap', '', 453, 4, 30, 1081, 40, 1, 0, 0),
	(609, 'Snare Trap', '', 237, 51, 0, 1082, 40, 1, 0, 0),
	(610, 'Crucible and Tongs', '', 453, 4, 0, 464, 30, 1, 0, 0),
	(611, 'Sling', '', 237, 1, 0, 607, 20, 1, 0, 0),
	(612, 'Monument', '', 32, 65, 0, 152, 0, 1, 0, 0),
	(613, 'Great Monument', '', 32, 65, 30, 154, 0, 1, 0, 0),
	(614, 'Fine Monument', '', 32, 65, 60, 153, 0, 1, 0, 0),
	(615, 'Glorius Monument', '', 32, 65, 90, 155, 0, 1, 0, 0),
	(616, 'Backpack', '', 295, 25, 90, 458, 25, 1, 0, 0),
	(617, 'Sack', '', 295, 25, 60, 459, 25, 1, 0, 0),
	(618, 'Pouch', '', 295, 25, 0, 461, 25, 1, 0, 0),
	(619, 'Bag', '', 295, 25, 30, 460, 25, 1, 0, 0),
	(620, 'Stone Inner Tower', '', 32, 19, 30, 1097, 35, 1, 0, 0),
	(621, 'Stone Inner Gatehouse', '', 32, 19, 60, 1098, 35, 1, 0, 0),
	(622, 'Stone Wall with Inverted Stairs', '', 32, 19, 30, 1099, 30, 1, 0, 0),
	(623, 'Deer Trophy', '', NULL, 53, 30, 89, 25, 1, 0, 0),
	(624, 'Moose Trophy', '', NULL, 53, 60, 90, 25, 1, 0, 0),
	(625, 'Bear Trophy', '', NULL, 53, 90, 91, 25, 1, 0, 0),
	(626, 'Small Repair Kit', '', 216, 7, 0, 1101, 10, 1, 1, 0),
	(627, 'Medium Repair Kit', '', 216, 7, 30, 1102, 10, 1, 1, 0),
	(628, 'Large Repair Kit', '', 216, 7, 60, 1103, 5, 1, 1, 0),
	(629, 'Throwing Knife', '', 453, 4, 0, 608, 40, 1, 1, 0),
	(630, 'Javelin', '', 453, 4, 30, 609, 30, 1, 1, 0),
	(631, 'Throwing Axe', '', 453, 4, 30, 610, 30, 1, 1, 0),
	(632, 'Stone Ammo', '', 35, 17, 0, 1107, 30, 1, 1, 0),
	(633, 'Naphtha Pot', '', 348, 10, 0, 1104, 30, 1, 1, 0),
	(634, 'Naphtha Barrel', '', 1136, 59, 30, 1106, 30, 2, 1, 0),
	(635, 'Fermented Grape', '', 119, 13, 30, 1114, 20, 1, 1, 0),
	(636, 'Fermented Apple Juice', '', 119, 13, 0, 1115, 20, 1, 1, 0),
	(637, 'Brewed Honey', '', 141, 24, 60, 1113, 25, 2, 1, 0),
	(638, 'Malt', '', 141, 24, 60, 1112, 25, 2, 1, 0),
	(639, 'Cider', '', 1110, 13, 0, 1118, 30, 1, 1, 0),
	(640, 'Wine', '', 1110, 13, 30, 962, 30, 1, 1, 0),
	(641, 'Mead', '', 1110, 13, 60, 1119, 30, 1, 1, 0),
	(642, 'Beer', '', 1110, 13, 90, 1117, 30, 1, 1, 0),
	(643, 'Brewing Tank', '', 32, 18, 60, 1110, 20, 1, 0, 0),
	(644, 'Training Field', '', 32, 18, 30, 1109, 25, 1, 0, 0),
	(645, 'Improper Honey', '', 1054, 24, 0, 1032, 25, 2, 1, 0),
	(646, 'Naphtha Nail Barrel', '', 1136, 59, 30, 1123, 30, 2, 1, 0),
	(647, 'Bandage', '', 1477, 11, 0, 1124, 50, 1, 1, 0),
	(649, 'Little Boards', '', 293, 8, 0, 1130, 10, 10, 1, 0),
	(650, 'Metal Components', '', 453, 4, 0, 1131, 20, 2, 1, 0),
	(651, 'Small Warfare Kit', '', 1413, 10, 0, 1133, 10, 1, 1, 0),
	(652, 'Medium Warfare Kit', '', 1413, 10, 30, 1134, 10, 1, 1, 0),
	(653, 'Large Warfare Kit', '', 1413, 10, 60, 1135, 5, 1, 1, 0),
	(654, 'Explosive', '', 1413, 10, 60, 1136, 10, 1, 1, 0),
	(655, 'Arrow Stand', '', NULL, 48, 0, 156, 20, 1, 0, 0),
	(656, 'Defensive Fence', '', NULL, 49, 0, 157, 20, 1, 0, 0),
	(657, 'Tent', '', 44, 10, 90, 165, 5, 1, 0, 0),
	(658, 'Decorated Jousting Lance', '', 453, 4, 30, 1141, 30, 1, 0, 0),
	(659, 'Sapper Charge', '', 44, 10, 60, 1151, 15, 1, 0, 0),
	(660, 'Sleeping bag', '', 237, 1, 0, 523, 50, 1, 0, 0),
	(661, 'Bark Box', '', 236, 1, 0, 1152, 50, 1, 0, 0),
	(662, 'Decorated Bench', ' ', 36, 8, 90, 522, 30, 1, 0, 0),
	(663, 'object 4', 'virtual object', 32, 61, 0, 1155, 10, 1, 0, 0),
	(664, 'object 5', 'virtual object', 32, 61, 0, 1156, 10, 1, 0, 0),
	(665, 'object 6', 'virtual object', 32, 61, 0, 1157, 10, 1, 0, 0),
	(666, 'object 7', 'virtual object', 32, 61, 0, 1158, 10, 1, 0, 0),
	(667, 'object 8', 'virtual object', 32, 61, 0, 1159, 10, 1, 0, 0),
	(668, 'object 9', 'virtual object', 32, 61, 0, 1160, 10, 1, 0, 0),
	(669, 'object 10', 'virtual object', 32, 61, 0, 1161, 10, 1, 0, 0),
	(670, 'object 11', 'virtual object', 32, 61, 0, 1162, 10, 1, 0, 0),
	(671, 'object 12', 'virtual object', 32, 61, 0, 1163, 10, 1, 0, 0),
	(672, 'object 13', 'virtual object', 32, 61, 0, 1164, 10, 1, 0, 0),
	(673, 'object 14', 'virtual object', 32, 61, 0, 1165, 10, 1, 0, 0),
	(674, 'object 15', 'virtual object', 32, 61, 0, 1166, 10, 1, 0, 0),
	(675, 'object 16', 'virtual object', 32, 61, 0, 1167, 10, 1, 0, 0),
	(676, 'object 17', 'virtual object', 32, 61, 0, 1168, 10, 1, 0, 0),
	(677, 'object 18', 'virtual object', 32, 61, 0, 1169, 10, 1, 0, 0),
	(678, 'object 19', 'virtual object', 32, 61, 0, 1170, 10, 1, 0, 0),
	(679, 'object 20', 'virtual object', 32, 61, 0, 1171, 10, 1, 0, 0),
	(680, 'object 21', 'virtual object', 32, 61, 0, 1172, 10, 1, 0, 0),
	(681, 'object 22', 'virtual object', 32, 61, 0, 1173, 10, 1, 0, 0),
	(682, 'object 23', 'virtual object', 32, 61, 0, 1174, 10, 1, 0, 0),
	(683, 'object 24', 'virtual object', 32, 61, 0, 1175, 10, 1, 0, 0),
	(684, 'object 25', 'virtual object', 32, 61, 0, 1176, 10, 1, 0, 0),
	(685, 'object 26', 'virtual object', 32, 61, 0, 1177, 10, 1, 0, 0),
	(686, 'object 27', 'virtual object', 32, 61, 0, 1178, 10, 1, 0, 0),
	(687, 'object 28', 'virtual object', 32, 61, 0, 1179, 10, 1, 0, 0),
	(688, 'object 29', 'virtual object', 32, 61, 0, 1180, 10, 1, 0, 0),
	(689, 'object 30', 'virtual object', 32, 61, 0, 1181, 10, 1, 0, 0),
	(690, 'object 31', 'virtual object', 32, 61, 0, 1182, 10, 1, 0, 0),
	(691, 'object 32', 'virtual object', 32, 61, 0, 1183, 10, 1, 0, 0),
	(692, 'object 33', 'virtual object', 32, 61, 0, 1184, 10, 1, 0, 0),
	(693, 'object 34', 'virtual object', 32, 61, 0, 1185, 10, 1, 0, 0),
	(694, 'object 35', 'virtual object', 32, 61, 0, 1186, 10, 1, 0, 0),
	(695, 'object 36', 'virtual object', 32, 61, 0, 1187, 10, 1, 0, 0),
	(696, 'object 37', 'virtual object', 32, 61, 0, 1188, 10, 1, 0, 0),
	(697, 'object 38', 'virtual object', 32, 61, 0, 1189, 10, 1, 0, 0),
	(698, 'object 39', 'virtual object', 32, 61, 0, 1190, 10, 1, 0, 0),
	(699, 'object 40', 'virtual object', 32, 61, 0, 1191, 10, 1, 0, 0),
	(700, 'object 41', 'virtual object', 32, 61, 0, 1192, 10, 1, 0, 0),
	(701, 'object 42', 'virtual object', 32, 61, 0, 1193, 10, 1, 0, 0),
	(702, 'object 43', 'virtual object', 32, 61, 0, 1194, 10, 1, 0, 0),
	(703, 'object 44', 'virtual object', 32, 61, 0, 1195, 10, 1, 0, 0),
	(704, 'object 45', 'virtual object', 32, 61, 0, 1196, 10, 1, 0, 0),
	(705, 'object 46', 'virtual object', 32, 61, 0, 1197, 10, 1, 0, 0),
	(706, 'object 47', 'virtual object', 32, 61, 0, 1198, 10, 1, 0, 0),
	(707, 'object 48', 'virtual object', 32, 61, 0, 1199, 10, 1, 0, 0),
	(708, 'object 49', 'virtual object', 32, 61, 0, 1200, 10, 1, 0, 0),
	(709, 'object 50', 'virtual object', 32, 61, 0, 1201, 10, 1, 0, 0),
	(710, 'object 51', 'virtual object', 32, 61, 0, 1202, 10, 1, 0, 0),
	(711, 'object 52', 'virtual object', 32, 61, 0, 1203, 10, 1, 0, 0),
	(712, 'object 53', 'virtual object', 32, 61, 0, 1204, 10, 1, 0, 0),
	(713, 'object 54', 'virtual object', 32, 61, 0, 1205, 10, 1, 0, 0),
	(714, 'object 55', 'virtual object', 32, 61, 0, 1206, 10, 1, 0, 0),
	(715, 'object 56', 'virtual object', 32, 61, 0, 1207, 10, 1, 0, 0),
	(716, 'object 57', 'virtual object', 32, 61, 0, 1208, 10, 1, 0, 0),
	(717, 'object 58', 'virtual object', 32, 61, 0, 1209, 10, 1, 0, 0),
	(718, 'object 59', 'virtual object', 32, 61, 0, 1210, 10, 1, 0, 0),
	(719, 'object 60', 'virtual object', 32, 61, 0, 1211, 10, 1, 0, 0),
	(720, 'object 61', 'virtual object', 32, 61, 0, 1212, 10, 1, 0, 0),
	(721, 'object 62', 'virtual object', 32, 61, 0, 1213, 10, 1, 0, 0),
	(722, 'object 63', 'virtual object', 32, 61, 0, 1214, 10, 1, 0, 0),
	(723, 'object 64', 'virtual object', 32, 61, 0, 1215, 10, 1, 0, 0),
	(724, 'object 65', 'virtual object', 32, 61, 0, 1216, 10, 1, 0, 0),
	(725, 'object 66', 'virtual object', 32, 61, 0, 1217, 10, 1, 0, 0),
	(726, 'object 67', 'virtual object', 32, 61, 0, 1218, 10, 1, 0, 0),
	(727, 'object 68', 'virtual object', 32, 61, 0, 1219, 10, 1, 0, 0),
	(728, 'object 69', 'virtual object', 32, 61, 0, 1220, 10, 1, 0, 0),
	(729, 'object 70', 'virtual object', 32, 61, 0, 1221, 10, 1, 0, 0),
	(730, 'object 71', 'virtual object', 32, 61, 0, 1222, 10, 1, 0, 0),
	(731, 'object 72', 'virtual object', 32, 61, 0, 1223, 10, 1, 0, 0),
	(732, 'object 73', 'virtual object', 32, 61, 0, 1224, 10, 1, 0, 0),
	(733, 'object 74', 'virtual object', 32, 61, 0, 1225, 10, 1, 0, 0),
	(734, 'object 75', 'virtual object', 32, 61, 0, 1226, 10, 1, 0, 0),
	(735, 'object 76', 'virtual object', 32, 61, 0, 1227, 10, 1, 0, 0),
	(736, 'object 77', 'virtual object', 32, 61, 0, 1228, 10, 1, 0, 0),
	(737, 'object 78', 'virtual object', 32, 61, 0, 1229, 10, 1, 0, 0),
	(738, 'object 79', 'virtual object', 32, 61, 0, 1230, 10, 1, 0, 0),
	(739, 'object 80', 'virtual object', 32, 61, 0, 1231, 10, 1, 0, 0),
	(740, 'object 81', 'virtual object', 32, 61, 0, 1232, 10, 1, 0, 0),
	(741, 'object 82', 'virtual object', 32, 61, 0, 1233, 10, 1, 0, 0),
	(742, 'object 83', 'virtual object', 32, 61, 0, 1234, 10, 1, 0, 0),
	(743, 'object 84', 'virtual object', 32, 61, 0, 1235, 10, 1, 0, 0),
	(744, 'object 85', 'virtual object', 32, 61, 0, 1236, 10, 1, 0, 0),
	(745, 'object 86', 'virtual object', 32, 61, 0, 1237, 10, 1, 0, 0),
	(746, 'object 87', 'virtual object', 32, 61, 0, 1238, 10, 1, 0, 0),
	(747, 'object 88', 'virtual object', 32, 61, 0, 1239, 10, 1, 0, 0),
	(748, 'object 89', 'virtual object', 32, 61, 0, 1240, 10, 1, 0, 0),
	(749, 'object 90', 'virtual object', 32, 61, 0, 1241, 10, 1, 0, 0),
	(750, 'object 91', 'virtual object', 32, 61, 0, 1242, 10, 1, 0, 0),
	(751, 'object 92', 'virtual object', 32, 61, 0, 1243, 10, 1, 0, 0),
	(752, 'object 93', 'virtual object', 32, 61, 0, 1244, 10, 1, 0, 0),
	(753, 'object 94', 'virtual object', 32, 61, 0, 1245, 10, 1, 0, 0),
	(754, 'object 95', 'virtual object', 32, 61, 0, 1246, 10, 1, 0, 0),
	(755, 'object 96', 'virtual object', 32, 61, 0, 1247, 10, 1, 0, 0),
	(756, 'object 97', 'virtual object', 32, 61, 0, 1248, 10, 1, 0, 0),
	(757, 'object 98', 'virtual object', 32, 61, 0, 1249, 10, 1, 0, 0),
	(758, 'object 99', 'virtual object', 32, 61, 0, 1250, 10, 1, 0, 0),
	(759, 'object 100', 'virtual object', 32, 61, 0, 1251, 10, 1, 0, 0),
	(760, 'object 101', 'virtual object', 32, 61, 0, 1252, 10, 1, 0, 0),
	(761, 'object 102', 'virtual object', 32, 61, 0, 1253, 10, 1, 0, 0),
	(762, 'object 103', 'virtual object', 32, 61, 0, 1254, 10, 1, 0, 0),
	(763, 'object 104', 'virtual object', 32, 61, 0, 1255, 10, 1, 0, 0),
	(764, 'object 105', 'virtual object', 32, 61, 0, 1256, 10, 1, 0, 0),
	(765, 'object 106', 'virtual object', 32, 61, 0, 1257, 10, 1, 0, 0),
	(766, 'object 107', 'virtual object', 32, 61, 0, 1258, 10, 1, 0, 0),
	(767, 'object 108', 'virtual object', 32, 61, 0, 1259, 10, 1, 0, 0),
	(768, 'object 109', 'virtual object', 32, 61, 0, 1260, 10, 1, 0, 0),
	(769, 'object 110', 'virtual object', 32, 61, 0, 1261, 10, 1, 0, 0),
	(770, 'object 111', 'virtual object', 32, 61, 0, 1262, 10, 1, 0, 0),
	(771, 'object 112', 'virtual object', 32, 61, 0, 1263, 10, 1, 0, 0),
	(772, 'object 113', 'virtual object', 32, 61, 0, 1264, 10, 1, 0, 0),
	(773, 'object 114', 'virtual object', 32, 61, 0, 1265, 10, 1, 0, 0),
	(774, 'object 115', 'virtual object', 32, 61, 0, 1266, 10, 1, 0, 0),
	(775, 'object 116', 'virtual object', 32, 61, 0, 1267, 10, 1, 0, 0),
	(776, 'object 117', 'virtual object', 32, 61, 0, 1268, 10, 1, 0, 0),
	(777, 'object 118', 'virtual object', 32, 61, 0, 1269, 10, 1, 0, 0),
	(778, 'object 119', 'virtual object', 32, 61, 0, 1270, 10, 1, 0, 0),
	(779, 'object 120', 'virtual object', 32, 61, 0, 1271, 10, 1, 0, 0),
	(780, 'object 121', 'virtual object', 32, 61, 0, 1272, 10, 1, 0, 0),
	(781, 'object 122', 'virtual object', 32, 61, 0, 1273, 10, 1, 0, 0),
	(782, 'object 123', 'virtual object', 32, 61, 0, 1274, 10, 1, 0, 0),
	(783, 'object 124', 'virtual object', 32, 61, 0, 1275, 10, 1, 0, 0),
	(784, 'object 125', 'virtual object', 32, 61, 0, 1276, 10, 1, 0, 0),
	(785, 'object 126', 'virtual object', 32, 61, 0, 1277, 10, 1, 0, 0),
	(786, 'object 127', 'virtual object', 32, 61, 0, 1278, 10, 1, 0, 0),
	(787, 'object 128', 'virtual object', 32, 61, 0, 1279, 10, 1, 0, 0),
	(788, 'object 129', 'virtual object', 32, 61, 0, 1280, 10, 1, 0, 0),
	(789, 'object 130', 'virtual object', 32, 61, 0, 1281, 10, 1, 0, 0),
	(790, 'object 131', 'virtual object', 32, 61, 0, 1282, 10, 1, 0, 0),
	(791, 'object 132', 'virtual object', 32, 61, 0, 1283, 10, 1, 0, 0),
	(792, 'object 133', 'virtual object', 32, 61, 0, 1284, 10, 1, 0, 0),
	(793, 'object 134', 'virtual object', 32, 61, 0, 1285, 10, 1, 0, 0),
	(794, 'object 135', 'virtual object', 32, 61, 0, 1286, 10, 1, 0, 0),
	(795, 'object 136', 'virtual object', 32, 61, 0, 1287, 10, 1, 0, 0),
	(796, 'object 137', 'virtual object', 32, 61, 0, 1288, 10, 1, 0, 0),
	(797, 'object 138', 'virtual object', 32, 61, 0, 1289, 10, 1, 0, 0),
	(798, 'object 139', 'virtual object', 32, 61, 0, 1290, 10, 1, 0, 0),
	(799, 'object 140', 'virtual object', 32, 61, 0, 1291, 10, 1, 0, 0),
	(800, 'object 141', 'virtual object', 32, 61, 0, 1292, 10, 1, 0, 0),
	(801, 'object 142', 'virtual object', 32, 61, 0, 1293, 10, 1, 0, 0),
	(802, 'object 143', 'virtual object', 32, 61, 0, 1294, 10, 1, 0, 0),
	(803, 'object 144', 'virtual object', 32, 61, 0, 1295, 10, 1, 0, 0),
	(804, 'object 145', 'virtual object', 32, 61, 0, 1296, 10, 1, 0, 0),
	(805, 'object 146', 'virtual object', 32, 61, 0, 1297, 10, 1, 0, 0),
	(806, 'object 147', 'virtual object', 32, 61, 0, 1298, 10, 1, 0, 0),
	(807, 'object 148', 'virtual object', 32, 61, 0, 1299, 10, 1, 0, 0),
	(808, 'object 149', 'virtual object', 32, 61, 0, 1300, 10, 1, 0, 0),
	(809, 'object 150', 'virtual object', 32, 61, 0, 1301, 10, 1, 0, 0),
	(810, 'object 151', 'virtual object', 32, 61, 0, 1302, 10, 1, 0, 0),
	(811, 'object 152', 'virtual object', 32, 61, 0, 1303, 10, 1, 0, 0),
	(812, 'object 153', 'virtual object', 32, 61, 0, 1304, 10, 1, 0, 0),
	(813, 'object 154', 'virtual object', 32, 61, 0, 1305, 10, 1, 0, 0),
	(814, 'object 155', 'virtual object', 32, 61, 0, 1306, 10, 1, 0, 0),
	(815, 'object 156', 'virtual object', 32, 61, 0, 1307, 10, 1, 0, 0),
	(816, 'object 157', 'virtual object', 32, 61, 0, 1308, 10, 1, 0, 0),
	(817, 'object 158', 'virtual object', 32, 61, 0, 1309, 10, 1, 0, 0),
	(818, 'object 159', 'virtual object', 32, 61, 0, 1310, 10, 1, 0, 0),
	(819, 'object 160', 'virtual object', 32, 61, 0, 1311, 10, 1, 0, 0),
	(820, 'object 161', 'virtual object', 32, 61, 0, 1312, 10, 1, 0, 0),
	(821, 'object 162', 'virtual object', 32, 61, 0, 1313, 10, 1, 0, 0),
	(822, 'object 163', 'virtual object', 32, 61, 0, 1314, 10, 1, 0, 0),
	(823, 'object 164', 'virtual object', 32, 61, 0, 1315, 10, 1, 0, 0),
	(824, 'object 165', 'virtual object', 32, 61, 0, 1316, 10, 1, 0, 0),
	(825, 'object 166', 'virtual object', 32, 61, 0, 1317, 10, 1, 0, 0),
	(826, 'object 167', 'virtual object', 32, 61, 0, 1318, 10, 1, 0, 0),
	(827, 'object 168', 'virtual object', 32, 61, 0, 1319, 10, 1, 0, 0),
	(828, 'object 169', 'virtual object', 32, 61, 0, 1320, 10, 1, 0, 0),
	(829, 'object 170', 'virtual object', 32, 61, 0, 1321, 10, 1, 0, 0),
	(830, 'object 1', 'virtual object', 32, 61, 0, 1322, 10, 1, 0, 0),
	(831, 'object 2', 'virtual object', 32, 61, 0, 1153, 10, 1, 0, 0),
	(832, 'object 3', 'virtual object', 32, 61, 0, 1154, 10, 1, 0, 0),
	(833, 'Wooden Canopy', 'Decorative Object', 32, 18, 30, 1324, 30, 1, 0, 0),
	(834, 'Wooden Canopy', 'Decorative Object', 32, 18, 30, 1325, 30, 1, 0, 0),
	(835, 'Big Wooden Canopy', 'Decorative Object', 32, 18, 60, 1326, 30, 1, 0, 0),
	(836, 'Big Wooden Canopy', 'Decorative Object', 32, 18, 60, 1327, 30, 1, 0, 0),
	(837, 'Signal-fire', '', NULL, 53, 0, 1335, 40, 1, 0, 0),
	(838, 'Wooden Pillar', 'Decorative Object', 32, 18, 30, 1328, 50, 1, 0, 0),
	(839, 'Wooden Pillar', 'Decorative Object', 32, 18, 30, 1329, 50, 1, 0, 0),
	(840, 'Wooden Pillar with Shield', 'Decorative Object', 32, 18, 100, 1330, 50, 1, 0, 0),
	(841, 'Wooden Pillar with Shield', 'Decorative Object', 32, 18, 100, 1331, 50, 1, 0, 0),
	(842, 'Sign', 'City sign', 32, 18, 60, 1332, 30, 1, 0, 0),
	(843, 'Wall Shelf', 'Decorative Object', 36, 8, 60, 1333, 50, 1, 0, 0),
	(844, 'Wall Shelf', 'Decorative Object', 36, 8, 60, 1334, 50, 1, 0, 0),
	(845, 'Bottle Rack', 'Container for Drinks', 36, 8, 60, 1323, 50, 1, 0, 0),
	(847, 'Decorated Tent', '', 44, 10, 100, 1336, 5, 1, 0, 0),
	(848, 'Large Wooden Canopy', 'Decorative Object', 32, 18, 60, 1337, 30, 1, 0, 0),
	(849, 'Large Wooden Canopy', 'Decorative Object', 32, 18, 60, 1338, 30, 1, 0, 0),
	(850, 'Firework Arrow', '', 216, 9, 60, 1339, 30, 10, 1, 0),
	(851, 'Firework Bolt', '', 216, 9, 30, 1340, 20, 5, 1, 0),
	(852, 'Firework Pot', '', 348, 10, 0, 1341, 30, 1, 1, 0),
	(853, 'Flag', '', 32, 19, 100, 1342, 20, 1, 0, 0),
	(854, 'Flag', '', 32, 19, 100, 1343, 20, 1, 0, 0),
	(855, 'Snowball', '', 246, 17, 0, 1344, 50, 1, 1, 0),
	(856, 'Water', '', 1054, 11, 0, 204, 20, 2, 1, 0),
	(858, 'Load of Charcoal', '', 117, 17, 60, 256, 15, 40, 0, 0),
	(859, 'Load of Linen hanks', '', 120, 23, 60, 260, 10, 10, 0, 0),
	(860, 'Load of Glass', '', 117, 17, 30, 272, 25, 10, 0, 0),
	(861, 'Snowman', '', NULL, 53, 0, 1345, 40, 1, 0, 0),
	(862, 'Snowman Takezo', '', NULL, 53, 60, 1346, 40, 1, 0, 0),
	(863, 'Snow Lord', '', NULL, 53, 90, 1347, 40, 1, 0, 0),
	(864, 'Glacier Spirit', '', NULL, 53, 30, 1348, 40, 1, 0, 0),
	(865, 'Avalancheman', '', NULL, 53, 0, 1349, 50, 1, 0, 0),
	(866, 'Small Snowball', '', NULL, 53, 0, 1350, 50, 1, 0, 0),
	(867, 'Snowball', '', NULL, 53, 0, 1351, 50, 1, 0, 0),
	(868, 'Big Snowball', '', NULL, 53, 0, 1352, 50, 1, 0, 0),
	(869, 'Herbal Garden', '', 32, 18, 90, 1353, 10, 1, 0, 0),
	(870, 'Wooden Siege Engineer''s Workshop', '', 32, 19, 90, 1355, 35, 1, 0, 0),
	(871, 'Dough', '', 1054, 24, 0, 1354, 20, 1, 1, 0),
	(872, 'Simple Rope', '', 471, 11, 30, 1356, 50, 1, 1, 0),
	(873, 'Short Softwood Pillars', 'Decorative Object', 32, 18, 60, 1361, 10, 1, 0, 0),
	(874, 'Short Hardwood Pillars', 'Decorative Object', 32, 18, 60, 1362, 10, 1, 0, 0),
	(875, 'Softwood Pillars', 'Decorative Object', 32, 18, 60, 1363, 10, 1, 0, 0),
	(876, 'Hardwood Pillars', 'Decorative Object', 32, 18, 60, 1364, 10, 1, 0, 0),
	(877, 'Tall Softwood Pillars', 'Decorative Object', 32, 18, 60, 1365, 10, 1, 0, 0),
	(878, 'Tall Hardwood Pillars', 'Decorative Object', 32, 18, 60, 1366, 10, 1, 0, 0),
	(879, 'Platform', 'Decorative Object', 32, 18, 60, 1367, 10, 1, 0, 0),
	(880, 'Cross Platform', 'Decorative Object', 32, 18, 60, 1368, 10, 1, 0, 0),
	(881, 'Large Platform', 'Decorative Object', 32, 18, 60, 1369, 10, 1, 0, 0),
	(882, 'Large Cross Platform', 'Decorative Object', 32, 18, 60, 1370, 10, 1, 0, 0),
	(883, 'Large Half Lined Platform', 'Decorative Object', 32, 18, 60, 1371, 10, 1, 0, 0),
	(884, 'Small Platform', 'Decorative Object', 32, 18, 60, 1372, 10, 1, 0, 0),
	(885, 'Wooden Stairs', 'Decorative Object', 32, 18, 30, 1358, 10, 1, 0, 0),
	(886, 'Stairs', 'Decorative Object', 32, 18, 60, 1360, 10, 1, 0, 0),
	(887, 'Inverted Stairs', 'Decorative Object', 32, 18, 60, 1373, 10, 1, 0, 0),
	(888, 'Stone Stair', 'Decorative Object', 32, 19, 0, 1374, 10, 1, 0, 0),
	(889, 'Beveled Stone Stair', 'Decorative Object', 32, 19, 0, 1375, 10, 1, 0, 0),
	(890, 'Tabard', 'Decorative Object', 295, 25, 0, 1376, 50, 1, 0, 0),
	(891, 'Wooden Wall (diagonal)', '', 32, 18, 30, 1380, 30, 1, 0, 0),
	(892, 'Wooden Wall Defences', '', 32, 18, 30, 1381, 30, 1, 0, 0),
	(893, 'Wooden Wall Square', '', 32, 18, 30, 1382, 30, 1, 0, 0),
	(894, 'Palisade Shield', '', 32, 18, 60, 1383, 30, 1, 0, 0),
	(895, 'Palisade Shield (loophole)', '', 32, 18, 60, 1384, 30, 1, 0, 0),
	(896, 'Wooden Wall (loophole)', '', 32, 18, 30, 1385, 30, 1, 0, 0),
	(897, 'Wooden Wall (diagonal, loophole)', '', 32, 18, 30, 1386, 30, 1, 0, 0),
	(898, 'Wooden Wall with Stairs (loophole)', '', 32, 18, 30, 1387, 30, 1, 0, 0),
	(899, 'Wire', '', 453, 5, 0, 1388, 10, 2, 1, 0),
	(900, 'Chainmail', '', 453, 5, 30, 1389, 10, 2, 1, 0),
	(901, 'Small metal plate', '', 453, 5, 0, 1390, 10, 1, 1, 0),
	(902, 'Metal plate', '', 453, 5, 30, 1391, 10, 2, 1, 0),
	(903, 'Scale strip', '', 453, 5, 30, 1392, 10, 2, 1, 0),
	(904, 'Leather strips', '', 1394, 25, 0, 1393, 20, 3, 1, 0),
	(905, 'Leatherworker''s bench', '', 36, 8, 30, 1394, 30, 1, 0, 0),
	(906, 'Boar Trophy', '', NULL, 53, 30, 1405, 25, 1, 0, 0),
	(907, 'Bull Trophy', '', NULL, 53, 30, 1406, 25, 1, 0, 0),
	(908, 'Wolf Trophy', '', NULL, 53, 60, 1407, 25, 1, 0, 0),
	(909, 'Balanced Staff', '', 293, 8, 30, 1402, 30, 1, 1, 1),
	(910, 'Burning Head', '', NULL, 53, 0, 1410, 25, 1, 0, 0),
	(911, 'Burning Head', '', NULL, 53, 0, 1411, 25, 1, 0, 0),
	(912, 'Burning Head', '', NULL, 53, 0, 1412, 25, 1, 0, 0),
	(913, 'Siege Torch', '', 1413, 10, 0, 1414, 40, 1, 0, 0),
	(914, 'Fur Hat', '', 430, 51, 60, 1415, 50, 1, 0, 0),
	(917, 'Primitive Boots', '', 1477, 11, 30, 1427, 50, 1, 0, 0),
	(918, 'Wristbands', '', 1477, 11, 30, 1434, 50, 1, 0, 0),
	(919, 'Private Claim', '', NULL, 65, 0, 1443, 25, 1, 0, 0),
	(920, 'Private Monument', '', NULL, 65, 0, 1444, 25, 1, 0, 0),
	(921, 'Horse Cart', '', 36, 8, 90, 1461, 30, 1, 0, 0),
	(922, 'Battle Totem', 'Scene object', NULL, 65, 0, 1456, 20, 1, 0, 0),
	(923, 'Battle Totem', 'Item', 1413, 10, 0, 1455, 60, 1, 0, 0),
	(924, 'Load of Mortar', '', 117, 17, 60, 528, 25, 45, 0, 0),
	(925, 'Pipe', '', 216, 8, 0, 1447, 50, 1, 1, 0),
	(926, 'Simple Cloth', 'Primitive cloth from Plant fibers', 471, 11, 30, 1477, 50, 1, 1, 0),
	(927, 'Steppe Rags', '', 295, 25, 0, 1138, 50, 1, 0, 0),
	(928, 'North Rags', '', 295, 25, 0, 1137, 50, 1, 0, 0),
	(930, 'Castle Wall (no buttress)', '', 32, 20, 30, 1478, 25, 1, 0, 0),
	(931, 'Castle Wall (no merlon)', '', 32, 20, 30, 1479, 25, 1, 0, 0),
	(934, 'Castle Wall (diagonal, no buttress)', '', 32, 20, 30, 1480, 25, 1, 0, 0),
	(935, 'Castle Wall (diagonal, no merlon)', '', 32, 20, 30, 1481, 25, 1, 0, 0),
	(936, 'Castle Wall with Hoarding (diagonal)', '', 32, 20, 30, 1482, 25, 1, 0, 0),
	(937, 'Castle Wall with Hoarding (no buttress)', '', 32, 20, 30, 1483, 25, 1, 0, 0),
	(938, 'Castle Wall with Door', '', 32, 20, 30, 1484, 25, 1, 0, 0),
	(939, 'Castle Wall with Door (no merlon)', '', 32, 20, 30, 1485, 25, 1, 0, 0),
	(940, 'Castle Wall Corner', '', 32, 20, 30, 1486, 25, 1, 0, 0),
	(941, 'Castle Wall Corner (no merlon)', '', 32, 20, 30, 1487, 25, 1, 0, 0),
	(942, 'Horse Cart (no tent)', '', 36, 8, 90, 1497, 30, 1, 0, 0),
	(943, 'Castle Tower with transitions', '', 32, 20, 30, 1499, 25, 1, 0, 0),
	(944, 'Castle Wall Corner (no buttress)', '', 32, 20, 30, 1500, 25, 1, 0, 0),
	(945, 'Castle Wall Corner (no merlon, no buttress)', '', 32, 20, 30, 1501, 25, 1, 0, 0),
	(946, 'Castle Wall (diagonal, no merlon/buttress)', '', 32, 20, 30, 1502, 25, 1, 0, 0),
	(947, 'Castle Wall (no merlon, no buttress)', '', 32, 20, 30, 1503, 25, 1, 0, 0),
	(948, 'Castle Wall with Passage', '', 32, 20, 30, 1504, 25, 1, 0, 0),
	(949, 'Castle Wall with Passage (no merlon)', '', 32, 20, 30, 1505, 25, 1, 0, 0),
	(950, 'Castle Wall Hoarding (diagonal, no buttress)', '', 32, 20, 30, 1506, 25, 1, 0, 0),
	(951, 'Castle Gatehouse with Drawbridge', '', 32, 20, 60, 515, 20, 1, 0, 0);

INSERT INTO recipe_possible_blueprints ([ID], [RecipeID], [BaseRecipeID]) VALUES
	(1, 348, 909),
	(2, 375, 381),
	(3, 376, 382),
	(4, 377, 383),
	(5, 378, 384),
	(6, 379, 385),
	(7, 380, 386),
	(8, 381, 387),
	(9, 382, 388),
	(10, 383, 389),
	(11, 384, 390),
	(12, 385, 391),
	(13, 386, 392),
	(14, 399, 405),
	(15, 400, 406),
	(16, 401, 407),
	(17, 402, 408),
	(18, 403, 409),
	(19, 404, 410),
	(20, 405, 411),
	(21, 406, 412),
	(22, 407, 413),
	(23, 408, 414),
	(24, 409, 415),
	(25, 410, 416),
	(26, 423, 429),
	(27, 424, 430),
	(28, 425, 431),
	(29, 426, 432),
	(30, 427, 433),
	(31, 428, 434),
	(32, 429, 435),
	(33, 430, 436),
	(34, 431, 437),
	(35, 432, 438),
	(36, 433, 439),
	(37, 434, 440),
	(38, 531, 537),
	(39, 532, 538),
	(40, 533, 539),
	(41, 534, 540),
	(42, 535, 541),
	(43, 536, 542),
	(44, 537, 543),
	(45, 538, 544),
	(46, 539, 545),
	(47, 540, 546),
	(48, 541, 547),
	(49, 542, 548),
	(50, 351, 281),
	(51, 352, 282),
	(52, 353, 283),
	(53, 354, 284),
	(54, 355, 285),
	(55, 356, 286),
	(56, 281, 368),
	(57, 282, 367),
	(58, 283, 366),
	(59, 284, 365),
	(60, 285, 364),
	(61, 286, 363);

INSERT INTO recipe_requirement ([ID], [RecipeID], [MaterialObjectTypeID], [Quality], [Influence], [Quantity], [IsRegionItemRequired]) VALUES
	(1, 1, 327, 0, 30, 3, 0),
	(2, 1, 374, 0, 15, 2, 0),
	(3, 1, 36, 0, 10, 10, 0),
	(4, 2, 327, 0, 30, 5, 0),
	(5, 2, 281, 0, 10, 20, 0),
	(6, 2, 36, 0, 10, 20, 0),
	(7, 2, 261, 0, 10, 3, 0),
	(8, 2, 347, 0, 10, 5, 0),
	(9, 3, 327, 0, 30, 20, 0),
	(10, 3, 281, 0, 10, 40, 0),
	(11, 3, 36, 0, 10, 50, 0),
	(12, 3, 264, 0, 10, 5, 0),
	(13, 3, 347, 0, 10, 9, 0),
	(14, 4, 326, 0, 35, 8, 0),
	(15, 4, 374, 0, 15, 2, 0),
	(16, 4, 36, 0, 10, 20, 0),
	(17, 5, 327, 0, 40, 8, 0),
	(18, 5, 374, 0, 10, 4, 0),
	(19, 5, 36, 0, 10, 30, 0),
	(20, 6, 325, 0, 50, 8, 0),
	(21, 6, 36, 0, 10, 10, 0),
	(22, 7, 326, 0, 40, 12, 0),
	(23, 7, 281, 0, 10, 20, 0),
	(24, 7, 36, 0, 10, 30, 0),
	(25, 8, 327, 0, 30, 32, 0),
	(26, 8, 281, 0, 10, 40, 0),
	(27, 8, 36, 0, 10, 50, 0),
	(28, 8, 347, 0, 10, 10, 0),
	(29, 8, 264, 0, 10, 5, 0),
	(30, 9, 1131, 0, 30, 6, 0),
	(33, 9, 348, 0, 50, 8, 0),
	(34, 10, 244, 0, 25, 2, 0),
	(35, 10, 204, 0, 5, 1, 0),
	(36, 10, 123, 0, 20, 8, 0),
	(37, 11, 273, 0, 40, 1, 0),
	(38, 11, 117, 0, 10, 5, 0),
	(39, 12, 244, 0, 25, 4, 0),
	(40, 12, 204, 0, 5, 2, 0),
	(41, 12, 123, 0, 20, 10, 0),
	(42, 13, 274, 0, 40, 1, 0),
	(43, 13, 117, 0, 10, 10, 0),
	(56, 17, 327, 0, 10, 2, 0),
	(57, 17, 348, 0, 15, 2, 0),
	(58, 17, 261, 0, 5, 2, 0),
	(59, 18, 327, 0, 10, 6, 0),
	(60, 18, 348, 0, 15, 4, 0),
	(61, 18, 261, 0, 5, 4, 0),
	(62, 19, 327, 0, 10, 8, 0),
	(63, 19, 348, 0, 15, 8, 0),
	(64, 19, 261, 0, 5, 6, 0),
	(65, 20, 241, 0, 20, 60, 0),
	(66, 20, 324, 0, 10, 5, 0),
	(67, 20, 262, 0, 20, 10, 0),
	(68, 20, 282, 0, 10, 2, 0),
	(69, 21, 269, 0, 10, 5, 0),
	(70, 21, 403, 0, 10, 6, 1),
	(71, 21, 270, 0, 20, 20, 0),
	(72, 21, 271, 0, 20, 10, 1),
	(73, 22, 36, 0, 10, 20, 0),
	(74, 22, 262, 0, 10, 2, 0),
	(75, 22, 325, 0, 30, 2, 0),
	(76, 23, 325, 0, 30, 4, 0),
	(77, 23, 262, 0, 10, 10, 0),
	(78, 23, 362, 0, 20, 40, 0),
	(79, 23, 36, 0, 10, 30, 0),
	(80, 24, 327, 0, 30, 12, 0),
	(81, 24, 374, 0, 20, 2, 0),
	(82, 24, 36, 0, 10, 15, 0),
	(83, 25, 327, 0, 30, 6, 0),
	(84, 25, 36, 0, 10, 25, 0),
	(85, 26, 282, 0, 10, 5, 0),
	(86, 26, 326, 0, 30, 6, 0),
	(87, 26, 281, 0, 10, 40, 0),
	(88, 26, 36, 0, 10, 20, 0),
	(93, 28, 282, 0, 10, 8, 0),
	(94, 28, 325, 0, 30, 10, 0),
	(95, 28, 374, 0, 10, 5, 0),
	(96, 28, 36, 0, 10, 40, 0),
	(97, 29, 324, 0, 40, 4, 0),
	(98, 29, 281, 0, 10, 10, 0),
	(99, 29, 36, 0, 10, 30, 0),
	(100, 30, 244, 0, 30, 4, 0),
	(101, 30, 204, 0, 10, 1, 0),
	(102, 30, 123, 0, 10, 10, 0),
	(103, 31, 275, 0, 35, 1, 0),
	(104, 31, 117, 0, 15, 13, 0),
	(105, 32, 282, 0, 15, 2, 0),
	(106, 32, 327, 0, 30, 5, 0),
	(107, 32, 281, 0, 10, 20, 0),
	(108, 32, 36, 0, 10, 30, 0),
	(109, 33, 471, 0, 10, 10, 0),
	(110, 33, 244, 0, 60, 100, 0),
	(111, 33, 204, 0, 10, 5, 0),
	(115, 35, 327, 0, 5, 8, 0),
	(116, 35, 374, 0, 10, 2, 0),
	(117, 35, 36, 0, 5, 35, 0),
	(118, 35, 222, 0, 30, 1, 0),
	(119, 35, 223, 0, 30, 1, 0),
	(120, 36, 364, 0, 70, 8, 1),
	(121, 36, 276, 0, 10, 1, 0),
	(122, 36, 107, 0, 10, 30, 0),
	(123, 37, 283, 0, 50, 1, 0),
	(124, 37, 32, 0, 10, 15, 0),
	(126, 38, 269, 0, 10, 30, 0),
	(127, 38, 244, 0, 15, 20, 0),
	(128, 38, 324, 0, 10, 1, 0),
	(133, 40, 244, 0, 20, 400, 0),
	(134, 40, 283, 0, 10, 1, 0),
	(135, 40, 528, 0, 20, 5, 0),
	(136, 41, 327, 0, 40, 12, 0),
	(137, 41, 281, 0, 10, 34, 0),
	(138, 41, 36, 0, 10, 25, 0),
	(139, 41, 262, 0, 10, 1, 0),
	(140, 42, 241, 0, 25, 2, 0),
	(141, 42, 254, 0, 20, 1, 0),
	(142, 43, 204, 0, 5, 20, 0),
	(143, 43, 244, 0, 50, 400, 0),
	(144, 43, 471, 0, 10, 30, 0),
	(146, 44, 237, 0, 30, 4, 0),
	(147, 44, 374, 0, 20, 1, 0),
	(148, 44, 36, 0, 10, 25, 0),
	(149, 45, 282, 0, 20, 3, 0),
	(152, 45, 281, 0, 10, 25, 0),
	(153, 45, 327, 0, 15, 7, 0),
	(154, 45, 36, 0, 10, 30, 0),
	(155, 46, 255, 0, 30, 1, 0),
	(156, 46, 327, 0, 15, 4, 0),
	(157, 46, 281, 0, 10, 30, 0),
	(158, 46, 36, 0, 10, 30, 0),
	(159, 47, 327, 0, 30, 15, 0),
	(160, 47, 374, 0, 15, 4, 0),
	(161, 47, 1131, 0, 10, 10, 0),
	(162, 47, 36, 0, 10, 30, 0),
	(163, 48, 325, 0, 20, 2, 0),
	(164, 48, 281, 0, 10, 45, 0),
	(165, 48, 44, 0, 10, 30, 0),
	(166, 49, 326, 0, 30, 3, 0),
	(167, 49, 36, 0, 10, 30, 0),
	(168, 50, 235, 0, 55, 5, 0),
	(169, 50, 281, 0, 10, 10, 0),
	(170, 51, 237, 0, 65, 10, 0),
	(171, 52, 241, 0, 50, 100, 0),
	(173, 53, 235, 0, 45, 5, 0),
	(174, 53, 282, 0, 20, 2, 0),
	(175, 54, 286, 0, 30, 1, 0),
	(176, 54, 282, 0, 20, 2, 0),
	(177, 55, 233, 0, 65, 5, 0),
	(178, 260, 233, 0, 40, 8, 0),
	(179, 260, 281, 0, 5, 20, 0),
	(180, 263, 269, 0, 45, 30, 0),
	(181, 268, 235, 0, 5, 10, 0),
	(182, 268, 269, 0, 15, 60, 0),
	(183, 268, 271, 0, 30, 400, 0),
	(184, 59, 233, 0, 35, 20, 0),
	(185, 59, 281, 0, 5, 300, 0),
	(186, 60, 233, 0, 30, 600, 0),
	(187, 60, 286, 0, 10, 1, 1),
	(188, 60, 235, 0, 10, 300, 0),
	(189, 60, 281, 0, 10, 2000, 0),
	(190, 60, 262, 0, 10, 20, 0),
	(191, 61, 269, 0, 5, 750, 0),
	(192, 61, 286, 0, 10, 1, 1),
	(193, 61, 528, 0, 5, 200, 0),
	(194, 61, 235, 0, 10, 400, 0),
	(195, 61, 271, 0, 20, 4000, 0),
	(196, 62, 271, 0, 20, 8000, 0),
	(197, 62, 286, 0, 10, 1, 1),
	(198, 62, 528, 0, 10, 1000, 0),
	(199, 62, 235, 0, 5, 1000, 0),
	(200, 62, 270, 0, 10, 800, 0),
	(201, 63, 233, 0, 20, 50, 0),
	(202, 63, 528, 0, 10, 40, 0),
	(203, 63, 288, 0, 10, 6, 0),
	(204, 63, 286, 0, 10, 1, 0),
	(205, 63, 244, 0, 20, 300, 0),
	(206, 64, 233, 0, 10, 120, 0),
	(207, 64, 286, 0, 10, 2, 1),
	(208, 64, 288, 0, 10, 4, 1),
	(209, 64, 269, 0, 10, 100, 0),
	(210, 64, 268, 0, 10, 500, 0),
	(211, 65, 233, 0, 20, 10, 0),
	(212, 65, 241, 0, 20, 100, 0),
	(213, 65, 362, 0, 10, 50, 0),
	(214, 66, 233, 0, 15, 100, 0),
	(216, 66, 362, 0, 10, 250, 0),
	(217, 67, 233, 0, 20, 50, 0),
	(218, 67, 326, 0, 20, 40, 0),
	(219, 67, 288, 0, 20, 20, 0),
	(220, 67, 364, 0, 10, 400, 0),
	(221, 67, 268, 0, 5, 150, 0),
	(222, 68, 269, 0, 25, 50, 0),
	(223, 68, 425, 0, 5, 8, 0),
	(225, 68, 233, 0, 10, 10, 0),
	(226, 69, 269, 0, 20, 100, 0),
	(227, 69, 233, 0, 20, 40, 0),
	(228, 69, 261, 0, 10, 40, 0),
	(229, 69, 282, 0, 10, 20, 0),
	(230, 69, 268, 0, 10, 200, 0),
	(231, 70, 269, 0, 20, 10, 0),
	(232, 70, 283, 0, 5, 8, 0),
	(233, 70, 528, 0, 10, 20, 0),
	(234, 70, 324, 0, 10, 10, 0),
	(235, 70, 425, 0, 5, 4, 0),
	(236, 71, 233, 0, 20, 50, 0),
	(237, 71, 286, 0, 10, 1, 1),
	(238, 71, 288, 0, 10, 3, 0),
	(239, 71, 244, 0, 10, 300, 0),
	(240, 71, 528, 0, 10, 40, 0),
	(241, 72, 233, 0, 20, 50, 0),
	(242, 72, 286, 0, 10, 1, 1),
	(243, 72, 288, 0, 10, 3, 0),
	(244, 72, 528, 0, 10, 40, 0),
	(245, 72, 244, 0, 10, 300, 0),
	(246, 73, 233, 0, 20, 10, 0),
	(247, 73, 234, 0, 5, 40, 0),
	(248, 73, 282, 0, 5, 20, 0),
	(249, 73, 403, 0, 15, 2, 1),
	(250, 73, 235, 0, 10, 50, 0),
	(251, 74, 233, 0, 20, 50, 0),
	(252, 74, 244, 0, 10, 300, 0),
	(253, 74, 288, 0, 10, 3, 1),
	(254, 74, 528, 0, 10, 40, 0),
	(255, 74, 262, 0, 10, 20, 0),
	(256, 75, 233, 0, 20, 50, 0),
	(257, 75, 281, 0, 10, 200, 0),
	(258, 75, 362, 0, 15, 50, 0),
	(259, 75, 244, 0, 10, 200, 0),
	(260, 75, 528, 0, 10, 40, 0),
	(261, 76, 235, 0, 40, 30, 0),
	(263, 76, 471, 0, 10, 10, 0),
	(264, 76, 281, 0, 10, 60, 0),
	(266, 77, 235, 0, 20, 10, 0),
	(267, 77, 233, 0, 20, 5, 0),
	(271, 78, 233, 0, 30, 150, 0),
	(272, 78, 281, 0, 10, 200, 0),
	(273, 78, 286, 0, 10, 1, 0),
	(274, 78, 288, 0, 5, 4, 0),
	(275, 78, 326, 0, 5, 60, 0),
	(276, 79, 233, 0, 10, 150, 0),
	(277, 79, 528, 0, 20, 60, 0),
	(278, 79, 286, 0, 10, 1, 0),
	(279, 79, 288, 0, 10, 14, 0),
	(280, 79, 268, 0, 10, 300, 0),
	(281, 80, 528, 0, 15, 100, 0),
	(282, 80, 286, 0, 10, 1, 1),
	(283, 80, 288, 0, 10, 12, 0),
	(284, 80, 233, 0, 10, 150, 0),
	(285, 80, 268, 0, 10, 300, 0),
	(286, 101, 326, 0, 30, 30, 0),
	(287, 101, 44, 0, 10, 45, 0),
	(288, 101, 281, 0, 15, 80, 0),
	(289, 102, 233, 0, 30, 5, 0),
	(290, 102, 44, 0, 10, 30, 0),
	(291, 102, 262, 0, 20, 10, 0),
	(292, 103, 233, 0, 15, 20, 0),
	(293, 103, 255, 0, 10, 4, 0),
	(294, 103, 401, 0, 15, 18, 0),
	(295, 103, 262, 0, 10, 20, 0),
	(296, 104, 44, 0, 5, 15, 0),
	(297, 104, 1134, 0, 35, 1, 0),
	(298, 104, 1135, 0, 50, 1, 0),
	(304, 191, 361, 0, 85, 10, 1),
	(309, 128, 272, 0, 10, 3, 0),
	(310, 107, 39, 0, 40, 1, 0),
	(311, 107, 348, 0, 10, 10, 0),
	(312, 107, 44, 0, 10, 30, 0),
	(314, 108, 326, 0, 20, 6, 0),
	(315, 108, 255, 0, 20, 1, 0),
	(316, 108, 36, 0, 10, 35, 0),
	(317, 108, 281, 0, 10, 20, 0),
	(318, 109, 326, 0, 20, 10, 0),
	(319, 109, 255, 0, 20, 2, 0),
	(320, 109, 282, 0, 10, 4, 0),
	(321, 109, 36, 0, 10, 35, 0),
	(322, 109, 281, 0, 10, 45, 0),
	(323, 110, 326, 0, 20, 18, 0),
	(324, 110, 255, 0, 20, 4, 0),
	(325, 110, 282, 0, 10, 6, 0),
	(326, 110, 36, 0, 10, 40, 0),
	(327, 110, 281, 0, 10, 80, 0),
	(329, 111, 247, 0, 20, 1, 0),
	(331, 111, 237, 0, 10, 1, 0),
	(332, 112, 237, 0, 20, 1, 0),
	(333, 112, 247, 0, 30, 1, 0),
	(334, 112, 471, 0, 20, 1, 0),
	(335, 113, 254, 0, 15, 1, 0),
	(336, 113, 366, 0, 15, 4, 0),
	(337, 113, 42, 0, 10, 25, 0),
	(338, 113, 453, 0, 10, 15, 0),
	(339, 114, 237, 0, 15, 1, 0),
	(340, 114, 364, 0, 15, 1, 0),
	(341, 114, 32, 0, 10, 25, 0),
	(342, 114, 453, 0, 10, 15, 0),
	(343, 115, 237, 0, 25, 1, 0),
	(344, 115, 247, 0, 20, 4, 0),
	(345, 115, 471, 0, 15, 3, 0),
	(346, 116, 254, 0, 15, 1, 0),
	(347, 116, 324, 0, 15, 1, 0),
	(348, 116, 374, 0, 10, 1, 0),
	(349, 116, 293, 0, 10, 30, 0),
	(350, 117, 254, 0, 15, 1, 0),
	(351, 117, 368, 0, 50, 4, 0),
	(352, 117, 42, 0, 10, 35, 0),
	(353, 117, 453, 0, 10, 18, 0),
	(354, 118, 237, 0, 10, 1, 0),
	(355, 118, 247, 0, 25, 1, 0),
	(356, 118, 471, 0, 15, 2, 0),
	(357, 119, 254, 0, 10, 1, 0),
	(358, 119, 364, 0, 50, 2, 0),
	(359, 119, 42, 0, 10, 30, 0),
	(360, 119, 453, 0, 10, 15, 0),
	(361, 120, 237, 0, 20, 1, 0),
	(362, 120, 247, 0, 45, 1, 0),
	(363, 120, 471, 0, 15, 3, 0),
	(364, 121, 254, 0, 15, 1, 0),
	(365, 121, 364, 0, 50, 2, 0),
	(366, 121, 42, 0, 10, 25, 0),
	(367, 121, 453, 0, 10, 15, 0),
	(368, 122, 254, 0, 10, 1, 0),
	(369, 122, 404, 0, 50, 1, 0),
	(370, 122, 42, 0, 5, 30, 0),
	(371, 122, 453, 0, 5, 23, 0),
	(372, 123, 237, 0, 20, 3, 0),
	(373, 123, 247, 0, 40, 7, 0),
	(374, 123, 471, 0, 20, 3, 0),
	(375, 124, 254, 0, 15, 2, 0),
	(376, 124, 366, 0, 50, 3, 0),
	(377, 124, 42, 0, 10, 35, 0),
	(378, 124, 453, 0, 10, 20, 0),
	(379, 125, 237, 0, 20, 2, 0),
	(380, 125, 247, 0, 25, 2, 0),
	(381, 125, 471, 0, 15, 4, 0),
	(382, 126, 262, 0, 10, 3, 0),
	(383, 126, 364, 0, 15, 3, 0),
	(387, 127, 237, 0, 20, 1, 0),
	(388, 127, 471, 0, 30, 3, 0),
	(389, 107, 262, 0, 10, 1, 0),
	(390, 128, 348, 0, 25, 1, 0),
	(391, 128, 364, 0, 20, 1, 0),
	(392, 129, 325, 0, 30, 1, 0),
	(393, 129, 216, 0, 20, 30, 0),
	(394, 130, 326, 0, 15, 2, 0),
	(395, 130, 282, 0, 15, 1, 0),
	(396, 130, 293, 0, 10, 25, 0),
	(397, 130, 281, 0, 10, 12, 0),
	(398, 131, 324, 0, 80, 1, 0),
	(399, 131, 117, 0, 5, 30, 0),
	(400, 132, 402, 0, 70, 2, 1),
	(401, 132, 476, 0, 10, 12, 0),
	(402, 132, 138, 0, 5, 23, 0),
	(403, 133, 328, 0, 70, 20, 1),
	(404, 133, 112, 0, 5, 15, 0),
	(405, 134, 329, 0, 70, 20, 1),
	(406, 134, 112, 0, 5, 15, 0),
	(408, 135, 416, 0, 100, 40, 1),
	(411, 136, 331, 0, 70, 40, 0),
	(412, 136, 112, 0, 5, 15, 0),
	(413, 137, 330, 0, 70, 320, 0),
	(414, 137, 112, 0, 5, 25, 0),
	(415, 138, 408, 0, 70, 2, 1),
	(416, 138, 476, 0, 10, 6, 0),
	(417, 138, 138, 0, 5, 15, 0),
	(418, 139, 328, 0, 70, 4, 1),
	(419, 139, 112, 0, 5, 13, 0),
	(420, 140, 329, 0, 70, 4, 1),
	(421, 140, 112, 0, 5, 15, 0),
	(422, 141, 407, 0, 25, 2, 1),
	(423, 141, 409, 0, 10, 2, 0),
	(424, 141, 417, 0, 10, 2, 0),
	(425, 141, 418, 0, 10, 1, 0),
	(426, 142, 331, 0, 70, 8, 0),
	(427, 142, 112, 0, 5, 13, 0),
	(428, 143, 330, 0, 70, 64, 0),
	(429, 143, 112, 0, 5, 13, 0),
	(430, 144, 414, 0, 70, 2, 1),
	(431, 144, 476, 0, 10, 2, 0),
	(432, 144, 138, 0, 5, 30, 0),
	(433, 145, 328, 0, 70, 1, 1),
	(434, 145, 112, 0, 5, 15, 0),
	(435, 146, 329, 0, 70, 1, 1),
	(436, 146, 112, 0, 5, 15, 0),
	(437, 147, 410, 0, 100, 1, 1),
	(438, 147, 138, 0, 0, 15, 0),
	(439, 148, 331, 0, 70, 1, 0),
	(440, 148, 112, 0, 5, 15, 0),
	(441, 149, 330, 0, 70, 8, 0),
	(442, 149, 112, 0, 5, 15, 0),
	(443, 150, 377, 0, 80, 5, 1),
	(444, 150, 120, 0, 10, 15, 0),
	(446, 151, 260, 0, 80, 5, 1),
	(447, 151, 121, 0, 10, 15, 0),
	(449, 152, 260, 0, 60, 3, 0),
	(450, 152, 295, 0, 10, 60, 0),
	(451, 153, 378, 0, 80, 5, 0),
	(452, 153, 120, 0, 10, 23, 0),
	(454, 154, 263, 0, 80, 25, 0),
	(455, 154, 121, 0, 10, 20, 0),
	(457, 155, 347, 0, 80, 6, 0),
	(458, 155, 120, 0, 10, 20, 0),
	(460, 156, 265, 0, 80, 8, 0),
	(461, 156, 121, 0, 10, 20, 0),
	(463, 157, 244, 0, 80, 10, 0),
	(464, 157, 204, 0, 10, 1, 0),
	(466, 237, 244, 0, 75, 10, 0),
	(467, 237, 204, 0, 15, 1, 0),
	(468, 158, 117, 0, 5, 25, 0),
	(469, 159, 244, 0, 60, 20, 0),
	(470, 159, 204, 0, 10, 2, 0),
	(478, 163, 245, 0, 70, 2, 0),
	(480, 163, 117, 0, 5, 15, 0),
	(559, 186, 474, 0, 75, 1, 1),
	(561, 186, 204, 0, 5, 4, 0),
	(562, 186, 472, 0, 10, 20, 0),
	(563, 187, 475, 0, 75, 1, 1),
	(565, 187, 204, 0, 5, 3, 0),
	(566, 187, 472, 0, 10, 20, 0),
	(567, 188, 342, 0, 50, 10, 0),
	(568, 188, 204, 0, 15, 6, 0),
	(569, 188, 111, 0, 15, 20, 0),
	(570, 189, 352, 0, 75, 5, 0),
	(571, 189, 116, 0, 5, 25, 0),
	(573, 191, 204, 0, 5, 2, 0),
	(575, 192, 253, 0, 90, 1, 0),
	(576, 193, 368, 0, 60, 10, 0),
	(577, 193, 42, 0, 10, 30, 0),
	(578, 193, 453, 0, 10, 25, 0),
	(579, 194, 366, 0, 60, 5, 0),
	(580, 194, 42, 0, 10, 40, 0),
	(581, 194, 453, 0, 10, 25, 0),
	(582, 195, 364, 0, 60, 2, 0),
	(583, 195, 42, 0, 10, 40, 0),
	(584, 195, 453, 0, 10, 20, 0),
	(585, 196, 366, 0, 40, 2, 0),
	(586, 196, 42, 0, 10, 40, 0),
	(587, 196, 453, 0, 10, 20, 0),
	(588, 197, 272, 0, 75, 2, 0),
	(589, 197, 294, 0, 10, 30, 0),
	(590, 197, 117, 0, 5, 20, 0),
	(591, 198, 326, 0, 20, 9, 1),
	(592, 198, 282, 0, 10, 2, 0),
	(593, 199, 283, 0, 20, 10, 0),
	(594, 198, 293, 0, 10, 40, 0),
	(595, 199, 324, 0, 20, 16, 0),
	(597, 199, 293, 0, 10, 40, 0),
	(598, 200, 327, 0, 20, 2, 1),
	(599, 200, 272, 0, 30, 2, 0),
	(600, 200, 293, 0, 10, 40, 0),
	(601, 201, 237, 0, 10, 1, 0),
	(602, 202, 254, 0, 10, 1, 0),
	(603, 202, 368, 0, 50, 3, 0),
	(604, 202, 42, 0, 10, 40, 0),
	(605, 202, 453, 0, 10, 20, 0),
	(606, 203, 254, 0, 10, 1, 0),
	(607, 203, 366, 0, 50, 1, 0),
	(608, 203, 42, 0, 5, 40, 0),
	(609, 203, 453, 0, 5, 20, 0),
	(621, 208, 409, 0, 50, 4, 0),
	(622, 208, 42, 0, 10, 40, 0),
	(623, 208, 453, 0, 10, 20, 0),
	(627, 210, 272, 0, 50, 10, 0),
	(628, 210, 294, 0, 5, 30, 0),
	(629, 210, 117, 0, 5, 30, 0),
	(630, 211, 409, 0, 30, 3, 0),
	(631, 211, 42, 0, 10, 40, 0),
	(632, 211, 453, 0, 10, 20, 0),
	(633, 212, 254, 0, 10, 4, 0),
	(634, 212, 366, 0, 50, 4, 0),
	(635, 212, 42, 0, 10, 40, 0),
	(636, 212, 453, 0, 10, 20, 0),
	(637, 213, 366, 0, 50, 2, 0),
	(638, 213, 42, 0, 10, 40, 0),
	(639, 213, 453, 0, 10, 20, 0),
	(640, 214, 254, 0, 10, 2, 0),
	(641, 214, 366, 0, 50, 2, 0),
	(642, 214, 42, 0, 10, 40, 0),
	(643, 214, 453, 0, 10, 20, 0),
	(648, 216, 1477, 0, 40, 6, 0),
	(651, 216, 295, 0, 10, 40, 0),
	(652, 217, 261, 0, 15, 3, 0),
	(653, 217, 260, 0, 15, 5, 0),
	(654, 217, 425, 0, 10, 2, 0),
	(655, 217, 295, 0, 10, 40, 0),
	(656, 218, 261, 0, 15, 5, 0),
	(657, 218, 260, 0, 15, 6, 0),
	(658, 218, 425, 0, 10, 3, 0),
	(659, 218, 295, 0, 10, 40, 0),
	(664, 220, 264, 0, 10, 5, 0),
	(665, 220, 263, 0, 10, 6, 0),
	(666, 220, 266, 0, 10, 3, 0),
	(667, 220, 424, 0, 10, 3, 0),
	(668, 220, 295, 0, 10, 40, 0),
	(674, 222, 261, 0, 10, 4, 0),
	(675, 222, 260, 0, 10, 3, 0),
	(676, 222, 424, 0, 20, 5, 0),
	(677, 223, 261, 0, 10, 5, 0),
	(678, 223, 260, 0, 10, 5, 0),
	(679, 223, 266, 0, 10, 2, 0),
	(680, 223, 424, 0, 10, 2, 0),
	(681, 223, 295, 0, 10, 40, 0),
	(682, 224, 261, 0, 15, 6, 0),
	(683, 224, 260, 0, 15, 5, 0),
	(684, 224, 425, 0, 10, 2, 0),
	(685, 224, 295, 0, 10, 40, 0),
	(686, 225, 261, 0, 10, 6, 0),
	(687, 225, 260, 0, 10, 6, 0),
	(688, 225, 266, 0, 10, 2, 0),
	(689, 225, 424, 0, 10, 2, 0),
	(690, 225, 295, 0, 10, 40, 0),
	(691, 226, 261, 0, 15, 6, 0),
	(692, 226, 260, 0, 15, 6, 0),
	(693, 226, 424, 0, 10, 3, 0),
	(694, 226, 295, 0, 10, 40, 0),
	(717, 235, 233, 0, 20, 50, 0),
	(718, 235, 286, 0, 10, 1, 0),
	(719, 235, 288, 0, 10, 3, 0),
	(720, 235, 528, 0, 10, 40, 0),
	(721, 235, 244, 0, 10, 300, 0),
	(722, 146, 462, 0, 5, 30, 0),
	(723, 140, 462, 0, 5, 30, 0),
	(724, 134, 462, 0, 5, 30, 0),
	(725, 145, 462, 0, 5, 30, 0),
	(726, 139, 462, 0, 5, 30, 0),
	(727, 133, 462, 0, 5, 30, 0),
	(728, 148, 462, 0, 5, 30, 0),
	(729, 142, 462, 0, 5, 30, 0),
	(730, 136, 462, 0, 5, 30, 0),
	(731, 149, 462, 0, 5, 30, 0),
	(732, 143, 462, 0, 5, 30, 0),
	(733, 137, 462, 0, 5, 30, 0),
	(734, 144, 464, 0, 5, 30, 0),
	(735, 138, 464, 0, 5, 30, 0),
	(736, 132, 464, 0, 5, 30, 0),
	(737, 135, 138, 0, 0, 45, 0),
	(738, 135, 464, 0, 0, 90, 0),
	(739, 141, 464, 0, 5, 90, 0),
	(740, 141, 138, 0, 5, 45, 0),
	(741, 147, 464, 0, 0, 30, 0),
	(742, 49, 374, 0, 30, 2, 0),
	(743, 236, 469, 0, 90, 10, 0),
	(744, 236, 117, 0, 5, 15, 0),
	(745, 158, 470, 0, 90, 10, 0),
	(746, 38, 110, 0, 25, 1, 0),
	(747, 238, 204, 0, 10, 1, 0),
	(748, 238, 244, 0, 60, 4, 0),
	(749, 239, 468, 0, 80, 1, 0),
	(750, 239, 117, 0, 5, 10, 0),
	(753, 241, 241, 0, 30, 2, 0),
	(754, 241, 237, 0, 20, 1, 0),
	(755, 242, 118, 0, 5, 15, 0),
	(756, 242, 399, 0, 80, 1, 1),
	(757, 243, 118, 0, 5, 15, 0),
	(758, 243, 400, 0, 80, 1, 1),
	(759, 201, 247, 0, 50, 1, 0),
	(760, 191, 472, 0, 5, 30, 0),
	(761, 126, 255, 0, 30, 2, 0),
	(762, 126, 324, 0, 20, 5, 0),
	(763, 37, 1356, 0, 10, 4, 0),
	(764, 37, 237, 0, 10, 10, 0),
	(765, 111, 471, 0, 10, 1, 0),
	(766, 198, 284, 0, 30, 1, 0),
	(767, 199, 284, 0, 30, 4, 0),
	(768, 126, 36, 0, 10, 30, 0),
	(769, 48, 362, 0, 20, 10, 0),
	(770, 22, 362, 0, 10, 20, 0),
	(771, 20, 44, 0, 10, 30, 0),
	(772, 25, 347, 0, 20, 4, 0),
	(776, 244, 453, 0, 10, 20, 0),
	(777, 244, 42, 0, 10, 40, 0),
	(778, 244, 366, 0, 50, 4, 0),
	(779, 244, 254, 0, 10, 4, 0),
	(780, 245, 527, 0, 10, 30, 0),
	(781, 245, 417, 0, 60, 1, 0),
	(782, 246, 527, 0, 10, 30, 0),
	(783, 246, 418, 0, 60, 1, 0),
	(784, 247, 527, 0, 10, 40, 0),
	(785, 247, 418, 0, 30, 1, 0),
	(786, 247, 417, 0, 30, 1, 0),
	(787, 248, 527, 0, 10, 40, 0),
	(788, 248, 417, 0, 30, 1, 0),
	(789, 248, 418, 0, 30, 1, 0),
	(790, 249, 527, 0, 10, 30, 0),
	(791, 249, 417, 0, 20, 2, 0),
	(792, 249, 481, 0, 20, 1, 0),
	(793, 249, 482, 0, 20, 1, 0),
	(794, 250, 527, 0, 10, 30, 0),
	(795, 250, 418, 0, 20, 2, 0),
	(796, 250, 483, 0, 20, 1, 0),
	(797, 250, 484, 0, 20, 1, 0),
	(798, 251, 527, 0, 10, 50, 0),
	(799, 251, 418, 0, 10, 2, 0),
	(800, 251, 417, 0, 10, 2, 0),
	(801, 251, 486, 0, 20, 1, 0),
	(802, 251, 485, 0, 20, 3, 0),
	(803, 251, 484, 0, 20, 4, 0),
	(804, 252, 527, 0, 10, 50, 0),
	(805, 252, 418, 0, 10, 1, 0),
	(806, 252, 417, 0, 10, 1, 0),
	(807, 252, 486, 0, 20, 1, 0),
	(808, 252, 485, 0, 20, 2, 0),
	(809, 252, 483, 0, 20, 4, 0),
	(810, 253, 527, 0, 10, 30, 0),
	(811, 253, 417, 0, 30, 1, 0),
	(812, 253, 481, 0, 40, 1, 0),
	(813, 254, 527, 0, 10, 30, 0),
	(814, 254, 417, 0, 30, 1, 0),
	(815, 254, 482, 0, 40, 1, 0),
	(816, 255, 527, 0, 10, 30, 0),
	(817, 255, 417, 0, 30, 1, 0),
	(818, 255, 483, 0, 40, 1, 0),
	(819, 256, 527, 0, 10, 30, 0),
	(820, 256, 418, 0, 30, 1, 0),
	(821, 256, 484, 0, 40, 1, 0),
	(822, 257, 527, 0, 10, 30, 0),
	(823, 257, 418, 0, 30, 1, 0),
	(824, 257, 485, 0, 40, 1, 0),
	(825, 258, 527, 0, 10, 30, 0),
	(826, 258, 418, 0, 30, 1, 0),
	(827, 258, 486, 0, 40, 1, 0),
	(828, 50, 32, 0, 5, 15, 0),
	(829, 53, 32, 0, 5, 15, 0),
	(830, 51, 32, 0, 5, 15, 0),
	(831, 52, 32, 0, 5, 15, 0),
	(832, 54, 241, 0, 25, 10, 0),
	(833, 54, 32, 0, 5, 15, 0),
	(834, 55, 32, 0, 5, 15, 0),
	(835, 259, 233, 0, 45, 7, 0),
	(836, 259, 235, 0, 20, 5, 0),
	(837, 259, 32, 0, 5, 15, 0),
	(838, 260, 32, 0, 5, 15, 0),
	(839, 260, 326, 0, 20, 10, 0),
	(840, 261, 32, 0, 5, 15, 0),
	(841, 261, 233, 0, 20, 30, 0),
	(842, 261, 235, 0, 30, 6, 0),
	(843, 262, 32, 0, 5, 15, 0),
	(844, 262, 233, 0, 30, 40, 0),
	(845, 262, 262, 0, 10, 1, 0),
	(846, 262, 326, 0, 20, 40, 0),
	(847, 263, 32, 0, 5, 15, 0),
	(848, 263, 235, 0, 10, 10, 0),
	(849, 263, 244, 0, 10, 200, 0),
	(850, 264, 32, 0, 5, 15, 0),
	(851, 264, 235, 0, 10, 50, 0),
	(852, 264, 269, 0, 40, 60, 0),
	(853, 264, 244, 0, 10, 400, 0),
	(854, 264, 233, 0, 5, 10, 0),
	(855, 265, 32, 0, 5, 15, 0),
	(856, 265, 235, 0, 10, 80, 0),
	(857, 265, 269, 0, 40, 100, 0),
	(858, 265, 244, 0, 10, 600, 0),
	(859, 266, 32, 0, 5, 15, 0),
	(860, 266, 235, 0, 10, 70, 0),
	(861, 266, 269, 0, 40, 100, 0),
	(862, 266, 244, 0, 10, 600, 0),
	(863, 267, 32, 0, 5, 15, 0),
	(864, 267, 235, 0, 5, 150, 0),
	(865, 267, 269, 0, 40, 250, 0),
	(866, 267, 244, 0, 5, 1400, 0),
	(867, 267, 287, 0, 10, 1, 0),
	(868, 268, 32, 0, 5, 15, 0),
	(869, 280, 117, 0, 5, 30, 0),
	(870, 280, 476, 0, 15, 1, 0),
	(871, 280, 245, 0, 40, 10, 0),
	(872, 280, 241, 0, 15, 2, 0),
	(873, 268, 528, 0, 10, 50, 0),
	(874, 268, 282, 0, 10, 10, 0),
	(875, 269, 326, 0, 5, 50, 0),
	(876, 269, 269, 0, 15, 60, 0),
	(877, 269, 271, 0, 30, 400, 0),
	(878, 269, 528, 0, 10, 50, 0),
	(879, 269, 282, 0, 10, 10, 0),
	(880, 269, 32, 0, 5, 15, 0),
	(881, 270, 32, 0, 5, 15, 0),
	(882, 270, 326, 0, 10, 30, 0),
	(883, 270, 269, 0, 15, 20, 0),
	(884, 270, 271, 0, 30, 600, 0),
	(885, 270, 528, 0, 10, 75, 0),
	(886, 270, 281, 0, 5, 300, 0),
	(887, 271, 32, 0, 5, 15, 0),
	(888, 271, 326, 0, 10, 100, 0),
	(889, 271, 269, 0, 15, 30, 0),
	(890, 271, 271, 0, 30, 800, 0),
	(891, 271, 528, 0, 10, 90, 0),
	(892, 271, 281, 0, 10, 600, 0),
	(893, 272, 32, 0, 5, 15, 0),
	(894, 272, 326, 0, 10, 200, 0),
	(895, 272, 269, 0, 15, 80, 0),
	(896, 272, 271, 0, 30, 1600, 0),
	(897, 272, 528, 0, 10, 200, 0),
	(898, 272, 287, 0, 10, 2, 0),
	(899, 59, 32, 0, 5, 15, 0),
	(900, 59, 235, 0, 35, 30, 0),
	(901, 60, 32, 0, 5, 15, 0),
	(902, 61, 32, 0, 5, 15, 0),
	(903, 62, 32, 0, 5, 30, 0),
	(904, 63, 32, 0, 5, 15, 0),
	(905, 274, 32, 0, 5, 15, 0),
	(906, 274, 233, 0, 10, 120, 0),
	(907, 274, 235, 0, 30, 40, 0),
	(908, 274, 282, 0, 5, 20, 0),
	(909, 274, 286, 0, 10, 1, 0),
	(910, 274, 262, 0, 10, 10, 0),
	(911, 64, 32, 0, 5, 15, 0),
	(912, 65, 32, 0, 5, 15, 0),
	(913, 66, 32, 0, 10, 15, 0),
	(914, 66, 528, 0, 10, 120, 0),
	(915, 66, 269, 0, 20, 100, 0),
	(916, 67, 32, 0, 5, 15, 0),
	(917, 69, 32, 0, 5, 15, 0),
	(918, 70, 32, 0, 5, 15, 0),
	(919, 75, 32, 0, 5, 15, 0),
	(920, 275, 32, 0, 5, 15, 0),
	(921, 275, 235, 0, 10, 40, 0),
	(922, 275, 233, 0, 20, 120, 0),
	(923, 275, 282, 0, 10, 20, 0),
	(924, 275, 281, 0, 10, 200, 0),
	(925, 275, 362, 0, 15, 50, 0),
	(926, 68, 32, 0, 5, 15, 0),
	(927, 68, 110, 0, 15, 1, 1),
	(928, 71, 32, 0, 5, 15, 0),
	(929, 276, 32, 0, 5, 15, 0),
	(930, 276, 233, 0, 20, 120, 0),
	(931, 276, 235, 0, 10, 40, 0),
	(932, 276, 282, 0, 20, 20, 0),
	(933, 276, 286, 0, 10, 1, 1),
	(934, 276, 288, 0, 10, 3, 0),
	(935, 72, 32, 0, 5, 15, 0),
	(936, 277, 32, 0, 5, 15, 0),
	(937, 277, 235, 0, 10, 40, 0),
	(938, 277, 233, 0, 20, 120, 0),
	(939, 277, 282, 0, 20, 20, 0),
	(940, 277, 286, 0, 10, 1, 1),
	(941, 277, 288, 0, 10, 3, 0),
	(942, 73, 32, 0, 5, 15, 0),
	(943, 74, 32, 0, 5, 15, 0),
	(944, 235, 32, 0, 5, 15, 0),
	(945, 278, 32, 0, 5, 15, 0),
	(946, 278, 235, 0, 10, 40, 0),
	(947, 278, 233, 0, 20, 120, 0),
	(948, 278, 286, 0, 10, 1, 0),
	(949, 278, 282, 0, 20, 20, 0),
	(950, 278, 288, 0, 10, 3, 0),
	(951, 40, 32, 0, 5, 15, 0),
	(952, 77, 32, 0, 10, 15, 0),
	(953, 78, 32, 0, 5, 15, 0),
	(954, 79, 32, 0, 5, 15, 0),
	(955, 279, 32, 0, 5, 15, 0),
	(956, 279, 235, 0, 10, 160, 0),
	(957, 279, 233, 0, 30, 250, 0),
	(958, 279, 268, 0, 10, 300, 0),
	(959, 279, 286, 0, 10, 1, 1),
	(960, 279, 288, 0, 10, 16, 0),
	(961, 80, 32, 0, 5, 15, 0),
	(963, 21, 32, 0, 5, 15, 0),
	(988, 287, 237, 0, 40, 1, 0),
	(989, 287, 471, 0, 20, 2, 0),
	(990, 288, 293, 0, 5, 30, 0),
	(991, 288, 325, 0, 30, 2, 0),
	(992, 288, 262, 0, 10, 1, 0),
	(993, 289, 216, 0, 10, 30, 0),
	(994, 289, 237, 0, 40, 1, 0),
	(995, 289, 1356, 0, 20, 1, 0),
	(996, 290, 216, 0, 10, 30, 0),
	(997, 290, 327, 0, 40, 1, 0),
	(998, 290, 262, 0, 20, 1, 0),
	(999, 291, 216, 0, 10, 30, 0),
	(1000, 291, 326, 0, 30, 1, 0),
	(1001, 292, 216, 0, 10, 30, 0),
	(1002, 292, 326, 0, 40, 1, 0),
	(1003, 292, 262, 0, 20, 2, 0),
	(1004, 293, 262, 0, 10, 1, 0),
	(1005, 293, 216, 0, 10, 30, 0),
	(1006, 293, 326, 0, 40, 1, 0),
	(1007, 293, 1131, 0, 10, 1, 0),
	(1008, 294, 216, 0, 10, 30, 0),
	(1009, 294, 326, 0, 30, 1, 0),
	(1010, 294, 344, 0, 15, 2, 0),
	(1011, 294, 262, 0, 15, 1, 0),
	(1012, 295, 216, 0, 10, 30, 0),
	(1013, 295, 326, 0, 20, 1, 0),
	(1014, 295, 262, 0, 20, 2, 0),
	(1016, 296, 216, 0, 10, 30, 0),
	(1017, 296, 324, 0, 50, 1, 0),
	(1018, 296, 346, 0, 20, 1, 0),
	(1019, 297, 216, 0, 20, 30, 0),
	(1020, 297, 324, 0, 10, 1, 0),
	(1022, 298, 216, 0, 10, 30, 0),
	(1023, 298, 324, 0, 40, 1, 0),
	(1024, 298, 346, 0, 15, 1, 0),
	(1025, 299, 216, 0, 20, 30, 0),
	(1026, 299, 324, 0, 30, 1, 0),
	(1028, 300, 216, 0, 20, 30, 0),
	(1029, 300, 324, 0, 10, 1, 0),
	(1031, 301, 216, 0, 10, 30, 0),
	(1032, 301, 324, 0, 40, 1, 0),
	(1033, 301, 346, 0, 15, 1, 0),
	(1034, 302, 216, 0, 10, 30, 0),
	(1035, 302, 324, 0, 40, 1, 0),
	(1036, 302, 346, 0, 15, 1, 0),
	(1037, 303, 216, 0, 10, 30, 0),
	(1038, 303, 324, 0, 40, 1, 0),
	(1039, 303, 346, 0, 10, 1, 0),
	(1040, 303, 348, 0, 10, 1, 0),
	(1043, 298, 368, 0, 15, 10, 0),
	(1044, 299, 368, 0, 30, 10, 0),
	(1045, 300, 413, 0, 50, 10, 0),
	(1046, 301, 282, 0, 15, 1, 0),
	(1047, 302, 282, 0, 15, 1, 0),
	(1048, 303, 282, 0, 10, 1, 0),
	(1049, 291, 1356, 0, 20, 2, 0),
	(1050, 305, 42, 0, 10, 30, 0),
	(1051, 306, 42, 0, 10, 30, 0),
	(1052, 307, 42, 0, 10, 30, 0),
	(1053, 308, 42, 0, 10, 30, 0),
	(1054, 309, 42, 0, 10, 30, 0),
	(1055, 310, 42, 0, 10, 30, 0),
	(1056, 311, 42, 0, 10, 30, 0),
	(1057, 312, 42, 0, 10, 30, 0),
	(1058, 313, 42, 0, 10, 30, 0),
	(1059, 314, 42, 0, 10, 30, 0),
	(1060, 315, 42, 0, 10, 30, 0),
	(1061, 304, 453, 0, 10, 15, 0),
	(1062, 305, 453, 0, 10, 15, 0),
	(1063, 306, 453, 0, 10, 15, 0),
	(1064, 307, 453, 0, 10, 15, 0),
	(1065, 308, 453, 0, 10, 15, 0),
	(1066, 309, 453, 0, 10, 15, 0),
	(1067, 310, 453, 0, 10, 15, 0),
	(1068, 311, 453, 0, 10, 15, 0),
	(1069, 312, 453, 0, 10, 15, 0),
	(1070, 313, 453, 0, 10, 15, 0),
	(1071, 314, 453, 0, 10, 15, 0),
	(1080, 315, 453, 0, 10, 15, 0),
	(1081, 304, 366, 0, 40, 3, 0),
	(1082, 305, 366, 0, 40, 3, 0),
	(1083, 306, 364, 0, 40, 1, 0),
	(1084, 307, 366, 0, 40, 2, 0),
	(1085, 308, 366, 0, 40, 3, 0),
	(1086, 309, 366, 0, 40, 2, 0),
	(1087, 310, 366, 0, 40, 3, 0),
	(1088, 311, 366, 0, 40, 3, 0),
	(1089, 312, 366, 0, 40, 3, 0),
	(1090, 313, 364, 0, 40, 1, 0),
	(1091, 314, 364, 0, 40, 1, 0),
	(1092, 315, 364, 0, 40, 1, 0),
	(1093, 304, 424, 0, 10, 1, 0),
	(1094, 305, 424, 0, 10, 1, 0),
	(1095, 306, 424, 0, 10, 1, 0),
	(1096, 307, 424, 0, 10, 1, 0),
	(1097, 308, 424, 0, 10, 1, 0),
	(1098, 309, 424, 0, 10, 1, 0),
	(1099, 310, 424, 0, 10, 1, 0),
	(1100, 311, 424, 0, 10, 1, 0),
	(1101, 312, 424, 0, 10, 1, 0),
	(1102, 313, 424, 0, 10, 1, 0),
	(1103, 314, 424, 0, 10, 1, 0),
	(1104, 315, 424, 0, 10, 1, 0),
	(1105, 316, 42, 0, 10, 30, 0),
	(1106, 317, 42, 0, 10, 30, 0),
	(1107, 318, 42, 0, 10, 30, 0),
	(1108, 319, 42, 0, 10, 30, 0),
	(1109, 320, 42, 0, 10, 30, 0),
	(1110, 321, 42, 0, 10, 30, 0),
	(1111, 322, 42, 0, 10, 30, 0),
	(1112, 323, 42, 0, 10, 30, 0),
	(1113, 324, 42, 0, 10, 30, 0),
	(1114, 325, 42, 0, 10, 30, 0),
	(1115, 326, 42, 0, 10, 30, 0),
	(1116, 327, 42, 0, 10, 30, 0),
	(1117, 328, 42, 0, 10, 30, 0),
	(1118, 329, 42, 0, 10, 30, 0),
	(1119, 330, 42, 0, 10, 30, 0),
	(1120, 316, 453, 0, 10, 15, 0),
	(1121, 317, 453, 0, 10, 15, 0),
	(1122, 318, 453, 0, 10, 15, 0),
	(1123, 319, 453, 0, 10, 15, 0),
	(1124, 320, 453, 0, 10, 15, 0),
	(1125, 321, 453, 0, 10, 15, 0),
	(1126, 322, 453, 0, 10, 15, 0),
	(1127, 323, 453, 0, 10, 15, 0),
	(1128, 324, 453, 0, 10, 15, 0),
	(1129, 325, 453, 0, 10, 15, 0),
	(1130, 326, 453, 0, 10, 15, 0),
	(1131, 327, 453, 0, 10, 15, 0),
	(1132, 328, 453, 0, 10, 15, 0),
	(1133, 329, 453, 0, 10, 15, 0),
	(1134, 330, 453, 0, 10, 15, 0),
	(1135, 316, 324, 0, 20, 1, 0),
	(1136, 317, 324, 0, 20, 1, 0),
	(1137, 318, 324, 0, 20, 1, 0),
	(1138, 319, 324, 0, 20, 1, 0),
	(1139, 320, 324, 0, 20, 1, 0),
	(1140, 321, 324, 0, 20, 1, 0),
	(1141, 322, 324, 0, 20, 1, 0),
	(1142, 323, 324, 0, 20, 1, 0),
	(1143, 324, 324, 0, 20, 1, 0),
	(1144, 325, 324, 0, 20, 1, 0),
	(1145, 326, 324, 0, 20, 1, 0),
	(1146, 327, 324, 0, 20, 1, 0),
	(1147, 328, 324, 0, 20, 1, 0),
	(1148, 329, 324, 0, 20, 1, 0),
	(1149, 330, 324, 0, 20, 1, 0),
	(1150, 316, 366, 0, 30, 1, 0),
	(1151, 317, 366, 0, 30, 1, 0),
	(1152, 318, 366, 0, 30, 1, 0),
	(1153, 319, 366, 0, 30, 1, 0),
	(1154, 320, 364, 0, 30, 1, 0),
	(1155, 321, 364, 0, 30, 1, 0),
	(1156, 322, 366, 0, 30, 3, 0),
	(1157, 323, 366, 0, 30, 3, 0),
	(1158, 324, 366, 0, 30, 3, 0),
	(1159, 325, 366, 0, 30, 2, 0),
	(1160, 326, 366, 0, 30, 1, 0),
	(1161, 327, 366, 0, 30, 2, 0),
	(1162, 328, 366, 0, 30, 3, 0),
	(1163, 329, 366, 0, 30, 3, 0),
	(1164, 330, 364, 0, 30, 3, 0),
	(1165, 331, 42, 0, 10, 30, 0),
	(1166, 332, 42, 0, 10, 30, 0),
	(1167, 333, 42, 0, 10, 30, 0),
	(1168, 334, 42, 0, 10, 30, 0),
	(1169, 335, 42, 0, 10, 30, 0),
	(1170, 336, 42, 0, 10, 30, 0),
	(1171, 337, 42, 0, 10, 30, 0),
	(1172, 338, 42, 0, 10, 30, 0),
	(1173, 339, 42, 0, 10, 30, 0),
	(1174, 340, 42, 0, 10, 30, 0),
	(1175, 331, 453, 0, 10, 15, 0),
	(1176, 332, 453, 0, 10, 15, 0),
	(1177, 333, 453, 0, 10, 15, 0),
	(1178, 334, 453, 0, 10, 15, 0),
	(1179, 335, 453, 0, 10, 15, 0),
	(1180, 336, 453, 0, 10, 15, 0),
	(1181, 337, 453, 0, 10, 15, 0),
	(1182, 338, 453, 0, 10, 15, 0),
	(1183, 339, 453, 0, 10, 15, 0),
	(1184, 340, 453, 0, 10, 15, 0),
	(1185, 331, 326, 0, 30, 1, 0),
	(1186, 332, 326, 0, 30, 1, 0),
	(1187, 333, 326, 0, 30, 1, 0),
	(1188, 334, 326, 0, 30, 1, 0),
	(1189, 335, 326, 0, 30, 1, 0),
	(1190, 336, 324, 0, 20, 1, 0),
	(1191, 337, 324, 0, 20, 1, 0),
	(1192, 338, 324, 0, 20, 1, 0),
	(1193, 339, 324, 0, 20, 1, 0),
	(1194, 340, 324, 0, 20, 1, 0),
	(1195, 331, 366, 0, 20, 1, 0),
	(1196, 332, 366, 0, 20, 2, 0),
	(1197, 333, 366, 0, 20, 1, 0),
	(1198, 334, 366, 0, 20, 1, 0),
	(1199, 335, 366, 0, 20, 1, 0),
	(1200, 336, 364, 0, 30, 2, 0),
	(1201, 337, 364, 0, 30, 2, 0),
	(1202, 338, 364, 0, 30, 1, 0),
	(1203, 339, 364, 0, 30, 4, 0),
	(1204, 340, 364, 0, 30, 2, 0),
	(1205, 304, 42, 0, 10, 30, 0),
	(1206, 341, 237, 0, 40, 5, 0),
	(1207, 342, 241, 0, 30, 1, 0),
	(1208, 343, 293, 0, 10, 30, 0),
	(1209, 344, 293, 0, 10, 30, 0),
	(1210, 345, 293, 0, 10, 30, 0),
	(1211, 346, 293, 0, 10, 30, 0),
	(1212, 347, 293, 0, 10, 30, 0),
	(1213, 348, 293, 0, 10, 30, 0),
	(1214, 349, 293, 0, 10, 30, 0),
	(1215, 350, 293, 0, 10, 30, 0),
	(1216, 343, 324, 0, 50, 1, 0),
	(1217, 344, 324, 0, 50, 1, 0),
	(1218, 345, 326, 0, 50, 1, 0),
	(1219, 346, 326, 0, 30, 1, 0),
	(1220, 347, 324, 0, 20, 1, 0),
	(1221, 348, 326, 0, 60, 1, 0),
	(1222, 349, 326, 0, 50, 1, 0),
	(1223, 350, 326, 0, 50, 1, 0),
	(1224, 343, 1356, 0, 10, 1, 0),
	(1225, 344, 1356, 0, 10, 1, 0),
	(1226, 345, 1356, 0, 10, 1, 0),
	(1227, 346, 324, 0, 20, 1, 0),
	(1228, 347, 282, 0, 30, 1, 0),
	(1230, 349, 1356, 0, 10, 1, 0),
	(1231, 350, 1356, 0, 10, 1, 0),
	(1543, 441, 293, 0, 10, 30, 0),
	(1544, 442, 293, 0, 10, 30, 0),
	(1545, 443, 293, 0, 10, 30, 0),
	(1546, 444, 293, 0, 10, 30, 0),
	(1547, 445, 293, 0, 10, 30, 0),
	(1548, 446, 293, 0, 10, 30, 0),
	(1549, 447, 293, 0, 10, 30, 0),
	(1552, 443, 281, 0, 10, 20, 0),
	(1553, 444, 281, 0, 10, 30, 0),
	(1554, 445, 281, 0, 10, 40, 0),
	(1555, 446, 281, 0, 10, 50, 0),
	(1556, 447, 281, 0, 10, 80, 0),
	(1557, 441, 326, 0, 50, 1, 0),
	(1558, 442, 326, 0, 20, 1, 0),
	(1559, 443, 326, 0, 20, 1, 0),
	(1560, 444, 326, 0, 20, 1, 0),
	(1561, 445, 326, 0, 20, 2, 0),
	(1562, 446, 326, 0, 20, 2, 0),
	(1563, 447, 326, 0, 20, 3, 0),
	(1564, 442, 283, 0, 40, 1, 0),
	(1565, 443, 282, 0, 30, 1, 0),
	(1566, 444, 282, 0, 30, 1, 0),
	(1567, 445, 282, 0, 30, 2, 0),
	(1568, 446, 283, 0, 30, 1, 0),
	(1569, 447, 283, 0, 30, 1, 0),
	(1571, 448, 137, 0, 5, 10, 0),
	(1572, 448, 352, 0, 75, 50, 0),
	(1573, 449, 247, 0, 10, 1, 0),
	(1575, 451, 237, 0, 10, 1, 0),
	(1576, 452, 237, 0, 10, 1, 0),
	(1577, 453, 220, 0, 10, 30, 0),
	(1578, 454, 220, 0, 10, 30, 0),
	(1579, 455, 220, 0, 10, 30, 0),
	(1580, 456, 220, 0, 10, 30, 0),
	(1581, 457, 247, 0, 10, 1, 0),
	(1582, 458, 220, 0, 10, 30, 0),
	(1583, 459, 220, 0, 10, 30, 0),
	(1584, 460, 237, 0, 10, 1, 0),
	(1585, 461, 220, 0, 10, 30, 0),
	(1586, 462, 220, 0, 10, 30, 0),
	(1587, 463, 220, 0, 10, 30, 0),
	(1588, 464, 220, 0, 10, 30, 0),
	(1589, 465, 220, 0, 10, 30, 0),
	(1590, 466, 220, 0, 10, 30, 0),
	(1591, 467, 220, 0, 10, 30, 0),
	(1592, 468, 220, 0, 10, 30, 0),
	(1593, 469, 220, 0, 10, 30, 0),
	(1594, 470, 220, 0, 10, 30, 0),
	(1595, 471, 220, 0, 10, 30, 0),
	(1596, 472, 220, 0, 10, 30, 0),
	(1597, 473, 220, 0, 10, 30, 0),
	(1598, 474, 220, 0, 10, 30, 0),
	(1599, 475, 220, 0, 10, 30, 0),
	(1600, 476, 220, 0, 10, 30, 0),
	(1601, 477, 220, 0, 10, 30, 0),
	(1602, 449, 383, 0, 60, 1, 0),
	(1603, 450, 375, 0, 70, 1, 0),
	(1604, 451, 393, 0, 60, 1, 0),
	(1605, 452, 392, 0, 60, 1, 0),
	(1606, 453, 355, 0, 60, 1, 0),
	(1607, 454, 354, 0, 60, 10, 0),
	(1608, 455, 1027, 0, 60, 4, 0),
	(1609, 456, 338, 0, 60, 6, 0),
	(1610, 457, 384, 0, 60, 6, 0),
	(1611, 458, 339, 0, 60, 6, 0),
	(1612, 459, 390, 0, 60, 6, 0),
	(1613, 460, 386, 0, 60, 6, 0),
	(1614, 461, 1026, 0, 30, 3, 0),
	(1615, 461, 668, 0, 30, 1, 0),
	(1616, 462, 668, 0, 30, 3, 0),
	(1617, 462, 376, 0, 30, 1, 0),
	(1618, 463, 376, 0, 30, 1, 0),
	(1619, 463, 375, 0, 30, 1, 0),
	(1620, 464, 375, 0, 30, 1, 0),
	(1621, 465, 375, 0, 30, 1, 0),
	(1622, 466, 375, 0, 30, 1, 0),
	(1623, 467, 375, 0, 30, 1, 0),
	(1624, 468, 375, 0, 30, 1, 0),
	(1625, 469, 375, 0, 30, 1, 0),
	(1626, 464, 338, 0, 30, 2, 0),
	(1627, 465, 336, 0, 30, 2, 0),
	(1628, 466, 1026, 0, 30, 2, 0),
	(1629, 467, 385, 0, 30, 1, 0),
	(1630, 468, 958, 0, 30, 1, 0),
	(1631, 469, 339, 0, 30, 1, 0),
	(1632, 470, 339, 0, 30, 1, 0),
	(1633, 470, 391, 0, 30, 1, 0),
	(1634, 471, 394, 0, 30, 1, 0),
	(1635, 471, 355, 0, 30, 1, 0),
	(1636, 472, 386, 0, 30, 1, 0),
	(1637, 472, 354, 0, 30, 3, 0),
	(1638, 473, 338, 0, 30, 6, 0),
	(1639, 473, 356, 0, 30, 1, 0),
	(1640, 474, 385, 0, 30, 1, 0),
	(1641, 474, 962, 0, 30, 1, 0),
	(1642, 475, 356, 0, 30, 5, 0),
	(1643, 475, 962, 0, 30, 1, 0),
	(1644, 476, 376, 0, 30, 1, 0),
	(1645, 476, 384, 0, 30, 1, 0),
	(1646, 477, 384, 0, 30, 1, 0),
	(1647, 477, 1025, 0, 30, 4, 0),
	(1648, 478, 393, 0, 20, 1, 0),
	(1649, 478, 356, 0, 20, 2, 0),
	(1650, 478, 358, 0, 20, 1, 0),
	(1651, 479, 338, 0, 20, 6, 0),
	(1652, 479, 339, 0, 20, 1, 0),
	(1653, 479, 376, 0, 20, 1, 0),
	(1654, 480, 375, 0, 20, 1, 0),
	(1655, 480, 376, 0, 20, 1, 0),
	(1656, 480, 339, 0, 20, 1, 0),
	(1657, 481, 1026, 0, 20, 1, 0),
	(1658, 481, 376, 0, 20, 1, 0),
	(1659, 481, 668, 0, 20, 1, 0),
	(1660, 482, 392, 0, 20, 1, 0),
	(1661, 482, 668, 0, 20, 2, 0),
	(1662, 482, 962, 0, 20, 1, 0),
	(1663, 483, 375, 0, 20, 1, 0),
	(1664, 483, 339, 0, 20, 1, 0),
	(1665, 483, 958, 0, 20, 1, 0),
	(1666, 484, 375, 0, 20, 1, 0),
	(1667, 484, 355, 0, 20, 1, 0),
	(1668, 484, 338, 0, 20, 4, 0),
	(1669, 485, 962, 0, 20, 1, 0),
	(1670, 485, 668, 0, 20, 4, 0),
	(1671, 485, 376, 0, 20, 1, 0),
	(1672, 486, 1027, 0, 20, 4, 0),
	(1673, 486, 360, 0, 20, 4, 0),
	(1674, 486, 356, 0, 20, 2, 0),
	(1675, 487, 385, 0, 20, 1, 0),
	(1676, 487, 354, 0, 20, 4, 0),
	(1677, 487, 339, 0, 20, 1, 0),
	(1678, 488, 394, 0, 20, 1, 0),
	(1679, 488, 360, 0, 20, 1, 0),
	(1680, 488, 958, 0, 20, 1, 0),
	(1681, 489, 375, 0, 20, 1, 0),
	(1682, 489, 391, 0, 20, 1, 0),
	(1683, 489, 338, 0, 20, 2, 0),
	(1684, 490, 354, 0, 20, 10, 0),
	(1685, 490, 384, 0, 20, 1, 0),
	(1686, 490, 358, 0, 20, 2, 0),
	(1687, 491, 360, 0, 20, 1, 0),
	(1688, 491, 339, 0, 20, 1, 0),
	(1689, 491, 958, 0, 20, 1, 0),
	(1690, 492, 338, 0, 20, 6, 0),
	(1691, 492, 375, 0, 20, 1, 0),
	(1692, 492, 339, 0, 20, 1, 0),
	(1693, 493, 354, 0, 20, 15, 0),
	(1694, 493, 375, 0, 20, 1, 0),
	(1695, 493, 358, 0, 20, 2, 0),
	(1696, 494, 386, 0, 20, 1, 0),
	(1697, 494, 356, 0, 20, 2, 0),
	(1698, 494, 358, 0, 20, 1, 0),
	(1699, 495, 338, 0, 20, 8, 0),
	(1700, 495, 356, 0, 20, 2, 0),
	(1701, 495, 339, 0, 20, 1, 0),
	(1702, 496, 390, 0, 20, 1, 0),
	(1703, 496, 356, 0, 20, 2, 0),
	(1704, 496, 375, 0, 20, 1, 0),
	(1705, 497, 386, 0, 20, 1, 0),
	(1706, 497, 962, 0, 20, 1, 0),
	(1707, 497, 360, 0, 20, 2, 0),
	(1708, 498, 383, 0, 20, 1, 0),
	(1709, 498, 1025, 0, 20, 2, 0),
	(1710, 498, 358, 0, 20, 1, 0),
	(1711, 478, 220, 0, 10, 1, 0),
	(1712, 479, 220, 0, 10, 1, 0),
	(1713, 480, 220, 0, 10, 1, 0),
	(1714, 481, 220, 0, 10, 1, 0),
	(1715, 482, 220, 0, 10, 1, 0),
	(1716, 483, 220, 0, 10, 1, 0),
	(1717, 484, 220, 0, 10, 1, 0),
	(1718, 485, 220, 0, 10, 1, 0),
	(1719, 486, 220, 0, 10, 1, 0),
	(1720, 487, 220, 0, 10, 1, 0),
	(1721, 488, 220, 0, 10, 1, 0),
	(1722, 489, 220, 0, 10, 1, 0),
	(1723, 490, 220, 0, 10, 1, 0),
	(1724, 491, 220, 0, 10, 1, 0),
	(1725, 492, 220, 0, 10, 1, 0),
	(1726, 493, 220, 0, 10, 1, 0),
	(1727, 494, 220, 0, 10, 1, 0),
	(1728, 495, 220, 0, 10, 1, 0),
	(1729, 496, 220, 0, 10, 1, 0),
	(1730, 497, 220, 0, 10, 1, 0),
	(1731, 498, 220, 0, 10, 1, 0),
	(1732, 499, 1026, 0, 15, 1, 0),
	(1733, 499, 668, 0, 15, 1, 0),
	(1734, 499, 336, 0, 15, 1, 0),
	(1735, 499, 375, 0, 15, 1, 0),
	(1736, 500, 391, 0, 15, 1, 0),
	(1737, 500, 394, 0, 15, 1, 0),
	(1738, 500, 375, 0, 15, 2, 0),
	(1739, 500, 338, 0, 15, 1, 0),
	(1740, 501, 392, 0, 15, 1, 0),
	(1741, 501, 1026, 0, 15, 1, 0),
	(1742, 501, 962, 0, 15, 1, 0),
	(1743, 501, 339, 0, 15, 1, 0),
	(1744, 502, 383, 0, 15, 1, 0),
	(1745, 502, 1025, 0, 15, 1, 0),
	(1746, 502, 356, 0, 15, 1, 0),
	(1747, 502, 358, 0, 15, 1, 0),
	(1748, 503, 383, 0, 15, 1, 0),
	(1749, 503, 338, 0, 15, 1, 0),
	(1750, 503, 339, 0, 15, 1, 0),
	(1751, 503, 375, 0, 15, 1, 0),
	(1752, 504, 385, 0, 15, 1, 0),
	(1753, 504, 355, 0, 15, 1, 0),
	(1754, 504, 375, 0, 15, 1, 0),
	(1755, 504, 354, 0, 15, 1, 0),
	(1756, 505, 386, 0, 15, 1, 0),
	(1757, 505, 390, 0, 15, 1, 0),
	(1758, 505, 1026, 0, 15, 1, 0),
	(1759, 505, 355, 0, 15, 1, 0),
	(1760, 506, 358, 0, 15, 1, 0),
	(1761, 506, 356, 0, 15, 1, 0),
	(1762, 506, 354, 0, 15, 1, 0),
	(1763, 506, 360, 0, 15, 1, 0),
	(1764, 507, 383, 0, 15, 1, 0),
	(1765, 507, 1026, 0, 15, 1, 0),
	(1766, 507, 375, 0, 15, 1, 0),
	(1767, 507, 356, 0, 15, 1, 0),
	(1768, 508, 383, 0, 15, 1, 0),
	(1769, 508, 355, 0, 15, 1, 0),
	(1770, 508, 1025, 0, 15, 1, 0),
	(1771, 508, 356, 0, 15, 1, 0),
	(1772, 509, 384, 0, 15, 1, 0),
	(1773, 509, 338, 0, 15, 1, 0),
	(1774, 509, 336, 0, 15, 1, 0),
	(1775, 509, 356, 0, 15, 1, 0),
	(1776, 510, 393, 0, 15, 1, 0),
	(1777, 510, 338, 0, 15, 1, 0),
	(1778, 510, 1026, 0, 15, 1, 0),
	(1779, 510, 958, 0, 15, 1, 0),
	(1780, 511, 375, 0, 12, 2, 0),
	(1781, 511, 383, 0, 12, 1, 0),
	(1782, 511, 384, 0, 12, 1, 0),
	(1783, 511, 385, 0, 12, 1, 0),
	(1784, 511, 356, 0, 12, 1, 0),
	(1785, 512, 375, 0, 12, 2, 0),
	(1786, 512, 390, 0, 12, 1, 0),
	(1787, 512, 958, 0, 12, 1, 0),
	(1788, 512, 360, 0, 12, 1, 0),
	(1789, 512, 338, 0, 12, 1, 0),
	(1790, 513, 375, 0, 12, 2, 0),
	(1791, 513, 958, 0, 12, 1, 0),
	(1792, 513, 384, 0, 12, 1, 0),
	(1793, 513, 356, 0, 12, 1, 0),
	(1794, 513, 360, 0, 12, 1, 0),
	(1795, 514, 375, 0, 12, 2, 0),
	(1796, 514, 338, 0, 12, 1, 0),
	(1797, 514, 376, 0, 12, 1, 0),
	(1798, 514, 359, 0, 12, 1, 0),
	(1799, 514, 668, 0, 12, 1, 0),
	(1800, 515, 394, 0, 12, 1, 0),
	(1801, 515, 358, 0, 12, 1, 0),
	(1802, 515, 1025, 0, 12, 1, 0),
	(1803, 515, 375, 0, 12, 1, 0),
	(1804, 515, 356, 0, 12, 1, 0),
	(1805, 516, 386, 0, 12, 1, 0),
	(1806, 516, 360, 0, 12, 1, 0),
	(1807, 516, 356, 0, 12, 1, 0),
	(1808, 516, 358, 0, 12, 1, 0),
	(1809, 516, 339, 0, 12, 1, 0),
	(1810, 517, 386, 0, 12, 1, 0),
	(1811, 517, 384, 0, 12, 1, 0),
	(1812, 517, 354, 0, 12, 1, 0),
	(1813, 517, 336, 0, 12, 1, 0),
	(1814, 517, 339, 0, 12, 1, 0),
	(1815, 518, 392, 0, 12, 1, 0),
	(1816, 518, 339, 0, 12, 1, 0),
	(1817, 518, 1025, 0, 12, 1, 0),
	(1818, 518, 358, 0, 12, 1, 0),
	(1819, 518, 338, 0, 12, 1, 0),
	(1820, 519, 386, 0, 12, 1, 0),
	(1821, 519, 385, 0, 12, 1, 0),
	(1822, 519, 390, 0, 12, 1, 0),
	(1823, 519, 360, 0, 12, 1, 0),
	(1824, 519, 356, 0, 12, 1, 0),
	(1825, 520, 386, 0, 12, 1, 0),
	(1826, 520, 383, 0, 12, 1, 0),
	(1827, 520, 962, 0, 12, 1, 0),
	(1828, 520, 358, 0, 12, 1, 0),
	(1829, 520, 355, 0, 12, 1, 0),
	(1830, 521, 393, 0, 12, 1, 0),
	(1831, 521, 394, 0, 12, 1, 0),
	(1832, 521, 354, 0, 12, 1, 0),
	(1833, 521, 391, 0, 12, 1, 0),
	(1834, 521, 356, 0, 12, 1, 0),
	(1835, 522, 358, 0, 12, 1, 0),
	(1836, 522, 354, 0, 12, 1, 0),
	(1837, 522, 383, 0, 12, 1, 0),
	(1838, 522, 385, 0, 12, 1, 0),
	(1839, 522, 1025, 0, 12, 1, 0),
	(1840, 499, 220, 0, 10, 1, 0),
	(1841, 500, 220, 0, 10, 1, 0),
	(1842, 501, 220, 0, 10, 1, 0),
	(1843, 502, 220, 0, 10, 1, 0),
	(1844, 503, 220, 0, 10, 1, 0),
	(1845, 504, 220, 0, 10, 1, 0),
	(1846, 505, 220, 0, 10, 1, 0),
	(1847, 506, 220, 0, 10, 1, 0),
	(1848, 507, 220, 0, 10, 1, 0),
	(1849, 508, 220, 0, 10, 1, 0),
	(1850, 509, 220, 0, 10, 1, 0),
	(1851, 510, 220, 0, 10, 1, 0),
	(1852, 511, 220, 0, 10, 1, 0),
	(1853, 512, 220, 0, 10, 1, 0),
	(1854, 513, 220, 0, 10, 1, 0),
	(1855, 514, 220, 0, 10, 1, 0),
	(1856, 515, 220, 0, 10, 1, 0),
	(1857, 516, 220, 0, 10, 1, 0),
	(1858, 517, 220, 0, 10, 1, 0),
	(1859, 518, 220, 0, 10, 1, 0),
	(1860, 519, 220, 0, 10, 1, 0),
	(1861, 520, 220, 0, 10, 1, 0),
	(1862, 521, 220, 0, 10, 1, 0),
	(1863, 522, 220, 0, 10, 1, 0),
	(1864, 523, 241, 0, 20, 1, 0),
	(1865, 523, 237, 0, 20, 2, 0),
	(1867, 76, 32, 0, 5, 15, 0),
	(1868, 222, 295, 0, 10, 40, 0),
	(1869, 128, 42, 0, 10, 10, 0),
	(1870, 449, 682, 0, 10, 15, 0),
	(1871, 450, 1054, 0, 10, 15, 0),
	(1872, 451, 682, 0, 10, 15, 0),
	(1873, 452, 682, 0, 10, 15, 0),
	(1874, 453, 682, 0, 10, 15, 0),
	(1875, 454, 682, 0, 10, 15, 0),
	(1876, 455, 682, 0, 10, 15, 0),
	(1877, 456, 682, 0, 10, 15, 0),
	(1878, 458, 1054, 0, 10, 15, 0),
	(1879, 459, 682, 0, 10, 15, 0),
	(1880, 460, 682, 0, 10, 15, 0),
	(1881, 461, 1054, 0, 10, 15, 0),
	(1882, 462, 1054, 0, 10, 15, 0),
	(1883, 463, 1054, 0, 10, 15, 0),
	(1884, 464, 1054, 0, 10, 15, 0),
	(1885, 465, 1054, 0, 10, 15, 0),
	(1886, 466, 1054, 0, 10, 15, 0),
	(1887, 467, 1054, 0, 10, 15, 0),
	(1888, 468, 1054, 0, 10, 15, 0),
	(1889, 469, 1054, 0, 10, 15, 0),
	(1890, 470, 1054, 0, 10, 15, 0),
	(1891, 471, 1054, 0, 10, 15, 0),
	(1892, 472, 1054, 0, 10, 15, 0),
	(1893, 473, 1054, 0, 10, 15, 0),
	(1894, 474, 1054, 0, 10, 15, 0),
	(1895, 475, 1054, 0, 10, 15, 0),
	(1896, 476, 1054, 0, 10, 15, 0),
	(1897, 477, 1054, 0, 10, 15, 0),
	(1898, 457, 682, 0, 10, 15, 0),
	(1899, 478, 1054, 0, 10, 15, 0),
	(1900, 479, 1054, 0, 10, 15, 0),
	(1901, 480, 1054, 0, 10, 15, 0),
	(1902, 481, 1054, 0, 10, 15, 0),
	(1903, 482, 1054, 0, 10, 15, 0),
	(1904, 483, 1054, 0, 10, 15, 0),
	(1905, 484, 1054, 0, 10, 15, 0),
	(1906, 485, 1054, 0, 10, 15, 0),
	(1907, 486, 1054, 0, 10, 15, 0),
	(1908, 487, 1054, 0, 10, 15, 0),
	(1909, 488, 1054, 0, 10, 15, 0),
	(1910, 489, 1054, 0, 10, 15, 0),
	(1911, 490, 1054, 0, 10, 15, 0),
	(1912, 491, 1054, 0, 10, 15, 0),
	(1913, 492, 1054, 0, 10, 15, 0),
	(1914, 493, 1054, 0, 10, 15, 0),
	(1915, 494, 1054, 0, 10, 15, 0),
	(1916, 495, 1054, 0, 10, 15, 0),
	(1917, 496, 1054, 0, 10, 15, 0),
	(1918, 497, 1054, 0, 10, 15, 0),
	(1919, 498, 1054, 0, 10, 15, 0),
	(1920, 499, 1054, 0, 10, 15, 0),
	(1921, 500, 1054, 0, 10, 15, 0),
	(1922, 501, 1054, 0, 10, 15, 0),
	(1923, 502, 1054, 0, 10, 15, 0),
	(1924, 503, 1054, 0, 10, 15, 0),
	(1925, 504, 1054, 0, 10, 15, 0),
	(1926, 505, 1054, 0, 10, 15, 0),
	(1927, 506, 1054, 0, 10, 15, 0),
	(1928, 507, 1054, 0, 10, 15, 0),
	(1929, 508, 1054, 0, 10, 15, 0),
	(1930, 509, 1054, 0, 10, 15, 0),
	(1931, 510, 1054, 0, 10, 15, 0),
	(1932, 511, 1054, 0, 10, 15, 0),
	(1933, 512, 1054, 0, 10, 15, 0),
	(1934, 513, 1054, 0, 10, 15, 0),
	(1935, 514, 1054, 0, 10, 15, 0),
	(1936, 515, 1054, 0, 10, 15, 0),
	(1937, 516, 1054, 0, 10, 15, 0),
	(1938, 517, 1054, 0, 10, 15, 0),
	(1939, 518, 1054, 0, 10, 15, 0),
	(1940, 519, 1054, 0, 10, 15, 0),
	(1941, 520, 1054, 0, 10, 15, 0),
	(1942, 521, 1054, 0, 10, 15, 0),
	(1943, 522, 1054, 0, 10, 15, 0),
	(1944, 524, 32, 0, 5, 15, 0),
	(1945, 524, 233, 0, 10, 50, 0),
	(1946, 524, 528, 0, 20, 30, 0),
	(1947, 524, 286, 0, 10, 1, 0),
	(1948, 524, 288, 0, 10, 4, 0),
	(1949, 524, 268, 0, 10, 150, 0),
	(2058, 549, 682, 0, 10, 15, 0),
	(2059, 550, 682, 0, 10, 15, 0),
	(2060, 549, 237, 0, 10, 1, 0),
	(2061, 550, 237, 0, 10, 1, 0),
	(2062, 549, 391, 0, 60, 1, 0),
	(2063, 550, 394, 0, 60, 1, 0),
	(2064, 551, 42, 0, 10, 120, 0),
	(2065, 551, 293, 0, 5, 30, 0),
	(2066, 551, 1391, 0, 30, 10, 0),
	(2067, 551, 424, 0, 10, 5, 0),
	(2068, 552, 293, 0, 10, 30, 0),
	(2069, 552, 281, 0, 10, 40, 0),
	(2070, 552, 326, 0, 20, 2, 0),
	(2071, 552, 282, 0, 30, 2, 0),
	(2072, 553, 138, 0, 5, 23, 0),
	(2073, 553, 464, 0, 5, 30, 0),
	(2074, 553, 1068, 0, 70, 30, 1),
	(2075, 554, 112, 0, 0, 15, 0),
	(2076, 555, 112, 0, 0, 15, 0),
	(2077, 556, 112, 0, 0, 15, 0),
	(2078, 557, 112, 0, 0, 15, 0),
	(2079, 558, 112, 0, 0, 15, 0),
	(2080, 559, 112, 0, 0, 15, 0),
	(2081, 560, 112, 0, 0, 15, 0),
	(2082, 561, 112, 0, 0, 15, 0),
	(2083, 562, 112, 0, 0, 15, 0),
	(2084, 563, 112, 0, 0, 15, 0),
	(2085, 564, 112, 0, 0, 15, 0),
	(2086, 565, 112, 0, 0, 15, 0),
	(2087, 566, 112, 0, 0, 15, 0),
	(2088, 567, 112, 0, 0, 15, 0),
	(2089, 568, 112, 0, 0, 15, 0),
	(2090, 569, 112, 0, 0, 15, 0),
	(2091, 570, 112, 0, 0, 15, 0),
	(2092, 571, 112, 0, 0, 15, 0),
	(2093, 572, 112, 0, 0, 15, 0),
	(2094, 573, 112, 0, 0, 15, 0),
	(2095, 574, 112, 0, 0, 15, 0),
	(2096, 575, 112, 0, 0, 15, 0),
	(2097, 576, 112, 0, 0, 15, 0),
	(2098, 577, 112, 0, 0, 15, 0),
	(2099, 554, 462, 0, 0, 30, 0),
	(2100, 555, 462, 0, 0, 30, 0),
	(2101, 556, 462, 0, 0, 30, 0),
	(2102, 557, 462, 0, 0, 30, 0),
	(2103, 558, 462, 0, 0, 30, 0),
	(2104, 559, 462, 0, 0, 30, 0),
	(2105, 560, 462, 0, 0, 30, 0),
	(2106, 561, 462, 0, 0, 30, 0),
	(2107, 562, 462, 0, 0, 30, 0),
	(2108, 563, 462, 0, 0, 30, 0),
	(2109, 564, 462, 0, 0, 30, 0),
	(2110, 565, 462, 0, 0, 30, 0),
	(2111, 566, 462, 0, 0, 30, 0),
	(2112, 567, 462, 0, 0, 30, 0),
	(2113, 568, 462, 0, 0, 30, 0),
	(2114, 569, 462, 0, 0, 30, 0),
	(2115, 570, 462, 0, 0, 30, 0),
	(2116, 571, 462, 0, 0, 30, 0),
	(2117, 572, 462, 0, 0, 30, 0),
	(2118, 573, 462, 0, 0, 30, 0),
	(2119, 574, 462, 0, 0, 30, 0),
	(2120, 575, 462, 0, 0, 30, 0),
	(2121, 576, 462, 0, 0, 30, 0),
	(2122, 577, 462, 0, 0, 30, 0),
	(2123, 554, 409, 0, 100, 1, 1),
	(2124, 555, 403, 0, 100, 1, 1),
	(2125, 556, 415, 0, 100, 8, 1),
	(2126, 557, 403, 0, 100, 1, 1),
	(2127, 558, 415, 0, 100, 40, 1),
	(2128, 559, 409, 0, 100, 5, 1),
	(2129, 560, 408, 0, 100, 1, 1),
	(2130, 561, 402, 0, 100, 1, 1),
	(2131, 562, 414, 0, 100, 8, 1),
	(2132, 563, 402, 0, 100, 1, 1),
	(2133, 564, 414, 0, 100, 40, 1),
	(2134, 565, 408, 0, 100, 5, 1),
	(2135, 566, 411, 0, 100, 1, 0),
	(2136, 567, 405, 0, 100, 1, 1),
	(2137, 568, 417, 0, 100, 8, 0),
	(2138, 569, 405, 0, 100, 1, 0),
	(2139, 570, 417, 0, 100, 40, 0),
	(2140, 571, 411, 0, 100, 5, 0),
	(2141, 572, 412, 0, 100, 1, 0),
	(2142, 573, 406, 0, 100, 1, 0),
	(2143, 574, 418, 0, 100, 8, 0),
	(2144, 575, 406, 0, 100, 1, 0),
	(2145, 576, 418, 0, 100, 40, 0),
	(2146, 577, 412, 0, 100, 5, 0),
	(2147, 578, 464, 0, 0, 30, 0),
	(2148, 579, 464, 0, 0, 30, 0),
	(2149, 580, 464, 0, 0, 30, 0),
	(2150, 581, 464, 0, 0, 30, 0),
	(2151, 578, 138, 0, 0, 15, 0),
	(2152, 579, 138, 0, 0, 15, 0),
	(2153, 580, 138, 0, 0, 15, 0),
	(2154, 581, 138, 0, 0, 15, 0),
	(2155, 578, 404, 0, 100, 1, 1),
	(2156, 579, 416, 0, 100, 8, 1),
	(2157, 580, 404, 0, 100, 1, 1),
	(2158, 581, 410, 0, 100, 5, 1),
	(2159, 128, 453, 0, 10, 5, 0),
	(2160, 582, 464, 0, 0, 30, 0),
	(2161, 583, 464, 0, 0, 30, 0),
	(2162, 584, 464, 0, 0, 30, 0),
	(2163, 585, 464, 0, 0, 30, 0),
	(2164, 586, 464, 0, 0, 30, 0),
	(2165, 587, 464, 0, 0, 30, 0),
	(2166, 582, 138, 0, 0, 15, 0),
	(2167, 583, 138, 0, 0, 15, 0),
	(2168, 584, 138, 0, 0, 15, 0),
	(2169, 585, 138, 0, 0, 15, 0),
	(2170, 586, 138, 0, 0, 15, 0),
	(2171, 587, 138, 0, 0, 15, 0),
	(2172, 582, 407, 0, 100, 1, 1),
	(2173, 583, 401, 0, 100, 1, 1),
	(2174, 584, 413, 0, 100, 8, 1),
	(2175, 585, 401, 0, 100, 1, 1),
	(2176, 586, 413, 0, 100, 40, 1),
	(2177, 587, 407, 0, 100, 5, 1),
	(2180, 589, 32, 0, 5, 15, 0),
	(2181, 589, 235, 0, 55, 5, 0),
	(2182, 589, 281, 0, 10, 10, 0),
	(2183, 590, 32, 0, 5, 15, 0),
	(2184, 590, 237, 0, 65, 10, 0),
	(2185, 591, 32, 0, 5, 15, 0),
	(2186, 591, 241, 0, 50, 100, 0),
	(2187, 592, 32, 0, 5, 15, 0),
	(2188, 592, 233, 0, 65, 5, 0),
	(2189, 593, 36, 0, 10, 25, 0),
	(2190, 593, 327, 0, 30, 10, 0),
	(2191, 593, 282, 0, 20, 1, 0),
	(2192, 594, 32, 0, 5, 15, 0),
	(2193, 594, 268, 0, 10, 250, 0),
	(2194, 594, 288, 0, 10, 6, 0),
	(2195, 594, 287, 0, 10, 1, 0),
	(2196, 594, 528, 0, 20, 60, 0),
	(2197, 594, 233, 0, 10, 30, 0),
	(2198, 595, 32, 0, 5, 15, 0),
	(2199, 596, 32, 0, 5, 15, 0),
	(2200, 597, 32, 0, 5, 15, 0),
	(2201, 598, 32, 0, 5, 15, 0),
	(2202, 599, 32, 0, 5, 15, 0),
	(2203, 600, 32, 0, 5, 15, 0),
	(2204, 595, 233, 0, 30, 5, 0),
	(2205, 595, 244, 0, 20, 150, 0),
	(2206, 596, 233, 0, 30, 200, 0),
	(2207, 596, 286, 0, 10, 1, 0),
	(2208, 596, 268, 0, 10, 150, 0),
	(2209, 596, 288, 0, 5, 12, 0),
	(2210, 596, 326, 0, 5, 100, 0),
	(2211, 597, 233, 0, 30, 300, 0),
	(2212, 597, 268, 0, 10, 400, 0),
	(2213, 597, 286, 0, 10, 1, 1),
	(2214, 597, 288, 0, 5, 24, 0),
	(2215, 597, 326, 0, 5, 200, 0),
	(2216, 599, 233, 0, 30, 450, 0),
	(2217, 599, 326, 0, 10, 300, 0),
	(2218, 599, 286, 0, 10, 1, 1),
	(2219, 599, 288, 0, 5, 30, 0),
	(2220, 599, 268, 0, 5, 600, 0),
	(2221, 598, 233, 0, 10, 200, 0),
	(2222, 598, 528, 0, 20, 200, 0),
	(2223, 598, 286, 0, 10, 1, 1),
	(2224, 598, 288, 0, 10, 22, 0),
	(2225, 598, 268, 0, 10, 400, 0),
	(2226, 600, 233, 0, 10, 250, 0),
	(2227, 600, 528, 0, 20, 300, 0),
	(2228, 600, 288, 0, 10, 24, 0),
	(2229, 600, 286, 0, 10, 1, 1),
	(2230, 600, 268, 0, 10, 600, 0),
	(2231, 601, 35, 0, 5, 30, 0),
	(2232, 602, 35, 0, 5, 30, 0),
	(2233, 603, 35, 0, 5, 30, 0),
	(2234, 601, 241, 0, 50, 20, 0),
	(2235, 602, 243, 0, 50, 20, 1),
	(2236, 603, 242, 0, 50, 20, 0),
	(2237, 604, 32, 0, 5, 15, 0),
	(2238, 604, 235, 0, 10, 6, 0),
	(2239, 604, 269, 0, 45, 20, 0),
	(2240, 604, 244, 0, 10, 150, 0),
	(2241, 605, 32, 0, 5, 15, 0),
	(2242, 605, 235, 0, 5, 10, 0),
	(2243, 605, 269, 0, 15, 60, 0),
	(2244, 605, 271, 0, 30, 400, 0),
	(2245, 605, 528, 0, 10, 50, 0),
	(2246, 605, 282, 0, 10, 10, 0),
	(2247, 606, 32, 0, 5, 15, 0),
	(2248, 606, 269, 0, 5, 675, 0),
	(2249, 606, 271, 0, 20, 3600, 0),
	(2250, 606, 528, 0, 5, 135, 0),
	(2251, 606, 235, 0, 10, 300, 0),
	(2252, 606, 286, 0, 10, 1, 1),
	(2253, 607, 32, 0, 5, 15, 0),
	(2254, 607, 261, 0, 10, 50, 0),
	(2255, 607, 288, 0, 10, 3, 0),
	(2256, 607, 233, 0, 20, 320, 0),
	(2257, 607, 235, 0, 20, 70, 0),
	(2258, 607, 282, 0, 10, 35, 0),
	(2259, 608, 453, 0, 10, 20, 0),
	(2260, 608, 42, 0, 10, 40, 0),
	(2261, 608, 366, 0, 40, 5, 0),
	(2262, 609, 237, 0, 20, 2, 0),
	(2263, 609, 471, 0, 30, 10, 0),
	(2264, 609, 1026, 0, 10, 1, 0),
	(2265, 610, 453, 0, 10, 15, 0),
	(2266, 610, 42, 0, 10, 30, 0),
	(2267, 610, 364, 0, 50, 1, 0),
	(2268, 611, 237, 0, 20, 1, 0),
	(2269, 611, 471, 0, 60, 10, 0),
	(2270, 107, 233, 0, 10, 1, 0),
	(2271, 612, 32, 0, 10, 50, 0),
	(2272, 613, 32, 0, 10, 50, 0),
	(2273, 614, 32, 0, 10, 50, 0),
	(2274, 615, 32, 0, 10, 50, 0),
	(2275, 612, 324, 0, 30, 20, 0),
	(2276, 612, 342, 0, 20, 100, 0),
	(2277, 612, 269, 0, 20, 5, 0),
	(2278, 612, 212, 0, 20, 40, 0),
	(2279, 613, 401, 0, 25, 10, 0),
	(2280, 613, 424, 0, 20, 5, 0),
	(2281, 613, 425, 0, 20, 5, 0),
	(2282, 613, 269, 0, 25, 4, 0),
	(2283, 614, 270, 0, 30, 3, 0),
	(2284, 614, 271, 0, 30, 3, 0),
	(2285, 614, 405, 0, 30, 3, 0),
	(2286, 615, 406, 0, 30, 1, 0),
	(2287, 615, 480, 0, 30, 20, 0),
	(2288, 615, 404, 0, 30, 5, 0),
	(2289, 616, 295, 0, 10, 30, 0),
	(2290, 616, 424, 0, 40, 1, 0),
	(2291, 616, 260, 0, 25, 1, 0),
	(2292, 617, 262, 0, 25, 1, 0),
	(2293, 617, 261, 0, 40, 2, 0),
	(2294, 617, 295, 0, 10, 30, 0),
	(2295, 618, 295, 0, 10, 30, 0),
	(2296, 619, 295, 0, 10, 30, 0),
	(2297, 618, 425, 0, 65, 1, 0),
	(2298, 619, 425, 0, 65, 2, 0),
	(2299, 620, 32, 0, 5, 15, 0),
	(2300, 621, 32, 0, 5, 15, 0),
	(2301, 620, 235, 0, 10, 80, 0),
	(2302, 620, 269, 0, 40, 100, 0),
	(2303, 620, 244, 0, 10, 600, 0),
	(2304, 621, 235, 0, 5, 150, 0),
	(2305, 621, 269, 0, 40, 250, 0),
	(2306, 621, 244, 0, 5, 1400, 0),
	(2307, 621, 287, 0, 10, 1, 0),
	(2308, 622, 32, 0, 5, 15, 0),
	(2309, 622, 235, 0, 10, 50, 0),
	(2310, 622, 269, 0, 40, 60, 0),
	(2311, 622, 244, 0, 10, 400, 0),
	(2312, 622, 233, 0, 5, 10, 0),
	(2315, 623, 349, 0, 40, 1, 0),
	(2316, 624, 350, 0, 40, 1, 0),
	(2317, 625, 351, 0, 40, 1, 0),
	(2318, 625, 347, 0, 5, 10, 0),
	(2319, 624, 347, 0, 5, 10, 0),
	(2320, 623, 347, 0, 5, 5, 0),
	(2321, 625, 374, 0, 5, 3, 0),
	(2322, 624, 374, 0, 5, 3, 0),
	(2323, 623, 374, 0, 5, 2, 0),
	(2324, 623, 260, 0, 5, 1, 0),
	(2325, 624, 260, 0, 5, 1, 0),
	(2326, 625, 260, 0, 5, 1, 0),
	(2327, 625, 324, 0, 20, 1, 0),
	(2328, 624, 324, 0, 20, 1, 0),
	(2329, 623, 324, 0, 20, 1, 0),
	(2331, 627, 216, 0, 5, 200, 0),
	(2332, 628, 216, 0, 5, 200, 0),
	(2333, 626, 325, 0, 55, 1, 0),
	(2334, 626, 281, 0, 30, 10, 0),
	(2335, 627, 326, 0, 40, 1, 0),
	(2336, 627, 282, 0, 30, 2, 0),
	(2337, 627, 424, 0, 15, 2, 0),
	(2338, 628, 326, 0, 30, 2, 0),
	(2339, 628, 283, 0, 15, 2, 0),
	(2340, 628, 424, 0, 15, 3, 0),
	(2341, 628, 262, 0, 10, 1, 0),
	(2343, 628, 241, 0, 20, 30, 0),
	(2344, 629, 368, 0, 40, 3, 0),
	(2345, 630, 368, 0, 20, 3, 0),
	(2346, 631, 368, 0, 20, 3, 0),
	(2347, 631, 42, 0, 10, 30, 0),
	(2348, 630, 42, 0, 10, 30, 0),
	(2349, 629, 42, 0, 10, 30, 0),
	(2350, 629, 453, 0, 10, 15, 0),
	(2351, 630, 453, 0, 10, 15, 0),
	(2352, 631, 453, 0, 10, 15, 0),
	(2353, 631, 237, 0, 30, 1, 0),
	(2354, 630, 237, 0, 30, 1, 0),
	(2355, 632, 241, 0, 50, 60, 0),
	(2356, 632, 35, 0, 20, 30, 0),
	(2357, 633, 348, 0, 40, 4, 0),
	(2358, 633, 244, 0, 30, 1, 0),
	(2360, 634, 348, 0, 40, 50, 0),
	(2361, 634, 281, 0, 10, 48, 0),
	(2362, 634, 1130, 0, 10, 4, 0),
	(2363, 634, 1131, 0, 10, 2, 0),
	(2364, 626, 216, 0, 5, 200, 0),
	(2365, 636, 1026, 0, 60, 8, 0),
	(2366, 636, 119, 0, 20, 10, 0),
	(2367, 635, 119, 0, 20, 10, 0),
	(2368, 635, 359, 0, 60, 4, 0),
	(2369, 637, 376, 0, 60, 4, 0),
	(2370, 638, 352, 0, 60, 8, 0),
	(2371, 638, 141, 0, 10, 10, 0),
	(2372, 637, 141, 0, 10, 10, 0),
	(2373, 641, 1110, 0, 15, 10, 0),
	(2374, 642, 1110, 0, 15, 10, 0),
	(2375, 640, 1110, 0, 15, 10, 0),
	(2376, 639, 1110, 0, 15, 10, 0),
	(2377, 639, 285, 0, 5, 1, 0),
	(2378, 640, 285, 0, 5, 1, 0),
	(2379, 641, 285, 0, 5, 1, 0),
	(2380, 642, 285, 0, 5, 1, 0),
	(2381, 642, 204, 0, 5, 1, 0),
	(2382, 641, 204, 0, 5, 1, 0),
	(2383, 639, 1115, 0, 50, 2, 0),
	(2384, 640, 1114, 0, 50, 2, 0),
	(2385, 641, 1113, 0, 45, 2, 0),
	(2386, 642, 1112, 0, 45, 2, 0),
	(2387, 643, 32, 0, 10, 15, 0),
	(2388, 643, 281, 0, 5, 40, 0),
	(2389, 643, 326, 0, 15, 4, 0),
	(2390, 643, 283, 0, 30, 8, 0),
	(2391, 643, 282, 0, 20, 4, 0),
	(2392, 644, 281, 0, 5, 20, 0),
	(2393, 644, 326, 0, 45, 40, 0),
	(2394, 644, 32, 0, 10, 15, 0),
	(2395, 645, 376, 0, 30, 3, 0),
	(2396, 645, 1032, 0, 30, 1, 0),
	(2397, 645, 220, 0, 5, 1, 0),
	(2398, 637, 220, 0, 5, 10, 0),
	(2399, 638, 220, 0, 5, 10, 0),
	(2400, 645, 1054, 0, 10, 10, 0),
	(2401, 646, 348, 0, 40, 50, 0),
	(2402, 646, 281, 0, 10, 150, 0),
	(2403, 646, 1130, 0, 10, 4, 0),
	(2404, 646, 1131, 0, 10, 2, 0),
	(2405, 647, 1477, 0, 50, 1, 0),
	(2409, 649, 293, 0, 10, 10, 0),
	(2410, 649, 235, 0, 80, 1, 0),
	(2411, 650, 42, 0, 15, 15, 0),
	(2412, 650, 366, 0, 50, 1, 0),
	(2413, 650, 453, 0, 15, 1, 0),
	(2414, 651, 1413, 0, 5, 20, 0),
	(2415, 651, 1356, 0, 30, 1, 0),
	(2416, 651, 325, 0, 55, 4, 0),
	(2417, 652, 1413, 0, 5, 20, 0),
	(2418, 652, 282, 0, 30, 2, 0),
	(2419, 652, 1131, 0, 15, 2, 0),
	(2420, 652, 326, 0, 40, 2, 0),
	(2421, 653, 1413, 0, 5, 20, 0),
	(2422, 653, 262, 0, 10, 5, 0),
	(2423, 653, 326, 0, 30, 5, 0),
	(2424, 653, 283, 0, 15, 2, 0),
	(2425, 653, 1131, 0, 15, 5, 0),
	(2426, 653, 261, 0, 20, 2, 0),
	(2427, 654, 1413, 0, 10, 20, 0),
	(2428, 654, 348, 0, 70, 10, 0),
	(2429, 654, 261, 0, 10, 1, 0),
	(2432, 657, 44, 0, 5, 15, 0),
	(2433, 655, 1133, 0, 80, 1, 0),
	(2434, 656, 1133, 0, 80, 4, 0),
	(2435, 657, 1135, 0, 90, 1, 0),
	(2436, 658, 42, 0, 10, 30, 0),
	(2437, 658, 326, 0, 30, 1, 0),
	(2438, 658, 366, 0, 20, 2, 0),
	(2439, 658, 453, 0, 10, 15, 0),
	(2440, 659, 44, 0, 5, 15, 0),
	(2441, 659, 1136, 0, 60, 10, 0),
	(2442, 659, 1133, 0, 20, 1, 0),
	(2443, 660, 237, 0, 20, 4, 0),
	(2444, 661, 236, 0, 50, 20, 0),
	(2445, 660, 471, 0, 30, 4, 0),
	(2446, 662, 325, 0, 30, 6, 0),
	(2447, 662, 1130, 0, 30, 10, 0),
	(2448, 662, 36, 0, 10, 15, 0),
	(2449, 666, 32, 0, 40, 10, 0),
	(2450, 667, 32, 0, 40, 10, 0),
	(2451, 668, 32, 0, 40, 10, 0),
	(2452, 669, 32, 0, 40, 10, 0),
	(2453, 670, 32, 0, 40, 10, 0),
	(2454, 671, 32, 0, 40, 10, 0),
	(2455, 672, 32, 0, 40, 10, 0),
	(2456, 673, 32, 0, 40, 10, 0),
	(2457, 674, 32, 0, 40, 10, 0),
	(2458, 675, 32, 0, 40, 10, 0),
	(2459, 676, 32, 0, 40, 10, 0),
	(2460, 677, 32, 0, 40, 10, 0),
	(2461, 678, 32, 0, 40, 10, 0),
	(2462, 679, 32, 0, 40, 10, 0),
	(2463, 680, 32, 0, 40, 10, 0),
	(2464, 681, 32, 0, 40, 10, 0),
	(2465, 682, 32, 0, 40, 10, 0),
	(2466, 683, 32, 0, 40, 10, 0),
	(2467, 684, 32, 0, 40, 10, 0),
	(2468, 685, 32, 0, 40, 10, 0),
	(2469, 686, 32, 0, 40, 10, 0),
	(2470, 687, 32, 0, 40, 10, 0),
	(2471, 688, 32, 0, 40, 10, 0),
	(2472, 689, 32, 0, 40, 10, 0),
	(2473, 690, 32, 0, 40, 10, 0),
	(2474, 691, 32, 0, 40, 10, 0),
	(2475, 692, 32, 0, 40, 10, 0),
	(2476, 693, 32, 0, 40, 10, 0),
	(2477, 694, 32, 0, 40, 10, 0),
	(2478, 695, 32, 0, 40, 10, 0),
	(2479, 696, 32, 0, 40, 10, 0),
	(2480, 697, 32, 0, 40, 10, 0),
	(2481, 698, 32, 0, 40, 10, 0),
	(2482, 699, 32, 0, 40, 10, 0),
	(2483, 830, 237, 0, 50, 1, 0),
	(2524, 831, 237, 0, 50, 1, 0),
	(2525, 832, 237, 0, 50, 1, 0),
	(2526, 663, 237, 0, 50, 1, 0),
	(2527, 664, 237, 0, 50, 1, 0),
	(2528, 665, 237, 0, 50, 1, 0),
	(2529, 666, 237, 0, 50, 1, 0),
	(2530, 667, 237, 0, 50, 1, 0),
	(2531, 668, 237, 0, 50, 1, 0),
	(2532, 669, 237, 0, 50, 1, 0),
	(2533, 670, 237, 0, 50, 1, 0),
	(2534, 671, 237, 0, 50, 1, 0),
	(2535, 672, 237, 0, 50, 1, 0),
	(2536, 673, 237, 0, 50, 1, 0),
	(2537, 674, 237, 0, 50, 1, 0),
	(2538, 675, 237, 0, 50, 1, 0),
	(2539, 676, 237, 0, 50, 1, 0),
	(2540, 677, 237, 0, 50, 1, 0),
	(2541, 678, 237, 0, 50, 1, 0),
	(2542, 679, 237, 0, 50, 1, 0),
	(2543, 680, 237, 0, 50, 1, 0),
	(2544, 681, 237, 0, 50, 1, 0),
	(2545, 682, 237, 0, 50, 1, 0),
	(2546, 683, 237, 0, 50, 1, 0),
	(2547, 684, 237, 0, 50, 1, 0),
	(2548, 685, 237, 0, 50, 1, 0),
	(2549, 686, 237, 0, 50, 1, 0),
	(2550, 687, 237, 0, 50, 1, 0),
	(2551, 688, 237, 0, 50, 1, 0),
	(2552, 689, 237, 0, 50, 1, 0),
	(2553, 690, 237, 0, 50, 1, 0),
	(2554, 691, 237, 0, 50, 1, 0),
	(2555, 692, 237, 0, 50, 1, 0),
	(2556, 693, 237, 0, 50, 1, 0),
	(2557, 694, 237, 0, 50, 1, 0),
	(2558, 695, 237, 0, 50, 1, 0),
	(2559, 696, 237, 0, 50, 1, 0),
	(2560, 697, 237, 0, 50, 1, 0),
	(2561, 698, 237, 0, 50, 1, 0),
	(2562, 699, 237, 0, 50, 1, 0),
	(2563, 700, 237, 0, 50, 1, 0),
	(2564, 701, 237, 0, 50, 1, 0),
	(2565, 702, 237, 0, 50, 1, 0),
	(2566, 703, 237, 0, 50, 1, 0),
	(2567, 704, 237, 0, 50, 1, 0),
	(2568, 705, 237, 0, 50, 1, 0),
	(2569, 706, 237, 0, 50, 1, 0),
	(2570, 707, 237, 0, 50, 1, 0),
	(2571, 708, 237, 0, 50, 1, 0),
	(2572, 709, 237, 0, 50, 1, 0),
	(2573, 710, 237, 0, 50, 1, 0),
	(2574, 711, 237, 0, 50, 1, 0),
	(2575, 712, 237, 0, 50, 1, 0),
	(2576, 713, 237, 0, 50, 1, 0),
	(2577, 714, 237, 0, 50, 1, 0),
	(2578, 715, 237, 0, 50, 1, 0),
	(2579, 716, 237, 0, 50, 1, 0),
	(2580, 717, 237, 0, 50, 1, 0),
	(2581, 718, 237, 0, 50, 1, 0),
	(2582, 719, 237, 0, 50, 1, 0),
	(2583, 720, 237, 0, 50, 1, 0),
	(2584, 721, 237, 0, 50, 1, 0),
	(2585, 722, 237, 0, 50, 1, 0),
	(2586, 723, 237, 0, 50, 1, 0),
	(2587, 724, 237, 0, 50, 1, 0),
	(2588, 725, 237, 0, 50, 1, 0),
	(2589, 726, 237, 0, 50, 1, 0),
	(2590, 727, 237, 0, 50, 1, 0),
	(2591, 728, 237, 0, 50, 1, 0),
	(2592, 729, 237, 0, 50, 1, 0),
	(2593, 730, 237, 0, 50, 1, 0),
	(2594, 731, 237, 0, 50, 1, 0),
	(2595, 732, 237, 0, 50, 1, 0),
	(2596, 733, 237, 0, 50, 1, 0),
	(2597, 734, 237, 0, 50, 1, 0),
	(2598, 735, 237, 0, 50, 1, 0),
	(2599, 736, 237, 0, 50, 1, 0),
	(2600, 737, 237, 0, 50, 1, 0),
	(2601, 738, 237, 0, 50, 1, 0),
	(2602, 739, 237, 0, 50, 1, 0),
	(2603, 740, 237, 0, 50, 1, 0),
	(2604, 741, 237, 0, 50, 1, 0),
	(2605, 742, 237, 0, 50, 1, 0),
	(2606, 743, 237, 0, 50, 1, 0),
	(2607, 744, 237, 0, 50, 1, 0),
	(2608, 745, 237, 0, 50, 1, 0),
	(2609, 746, 237, 0, 50, 1, 0),
	(2610, 747, 237, 0, 50, 1, 0),
	(2611, 748, 237, 0, 50, 1, 0),
	(2612, 749, 237, 0, 50, 1, 0),
	(2613, 750, 237, 0, 50, 1, 0),
	(2614, 751, 237, 0, 50, 1, 0),
	(2615, 752, 237, 0, 50, 1, 0),
	(2616, 753, 237, 0, 50, 1, 0),
	(2617, 754, 237, 0, 50, 1, 0),
	(2618, 755, 237, 0, 50, 1, 0),
	(2619, 756, 237, 0, 50, 1, 0),
	(2620, 757, 237, 0, 50, 1, 0),
	(2621, 758, 237, 0, 50, 1, 0),
	(2622, 759, 237, 0, 50, 1, 0),
	(2623, 700, 32, 0, 40, 1, 0),
	(2624, 701, 32, 0, 40, 1, 0),
	(2625, 702, 32, 0, 40, 1, 0),
	(2626, 703, 32, 0, 40, 1, 0),
	(2627, 704, 32, 0, 40, 1, 0),
	(2628, 705, 32, 0, 40, 1, 0),
	(2629, 706, 32, 0, 40, 1, 0),
	(2630, 707, 32, 0, 40, 1, 0),
	(2631, 708, 32, 0, 40, 1, 0),
	(2632, 709, 32, 0, 40, 1, 0),
	(2633, 710, 32, 0, 40, 1, 0),
	(2634, 711, 32, 0, 40, 1, 0),
	(2635, 712, 32, 0, 40, 1, 0),
	(2636, 713, 32, 0, 40, 1, 0),
	(2637, 714, 32, 0, 40, 1, 0),
	(2638, 715, 32, 0, 40, 1, 0),
	(2639, 716, 32, 0, 40, 1, 0),
	(2640, 717, 32, 0, 40, 1, 0),
	(2641, 718, 32, 0, 40, 1, 0),
	(2642, 719, 32, 0, 40, 1, 0),
	(2643, 720, 32, 0, 40, 1, 0),
	(2644, 721, 32, 0, 40, 1, 0),
	(2645, 722, 32, 0, 40, 1, 0),
	(2646, 723, 32, 0, 40, 1, 0),
	(2647, 724, 32, 0, 40, 1, 0),
	(2648, 725, 32, 0, 40, 1, 0),
	(2649, 726, 32, 0, 40, 1, 0),
	(2650, 727, 32, 0, 40, 1, 0),
	(2651, 728, 32, 0, 40, 1, 0),
	(2652, 729, 32, 0, 40, 1, 0),
	(2653, 730, 32, 0, 40, 1, 0),
	(2654, 731, 32, 0, 40, 1, 0),
	(2655, 732, 32, 0, 40, 1, 0),
	(2656, 733, 32, 0, 40, 1, 0),
	(2657, 734, 32, 0, 40, 1, 0),
	(2658, 735, 32, 0, 40, 1, 0),
	(2659, 736, 32, 0, 40, 1, 0),
	(2660, 737, 32, 0, 40, 1, 0),
	(2661, 738, 32, 0, 40, 1, 0),
	(2662, 739, 32, 0, 40, 1, 0),
	(2663, 740, 32, 0, 40, 1, 0),
	(2664, 741, 32, 0, 40, 1, 0),
	(2665, 742, 32, 0, 40, 1, 0),
	(2666, 743, 32, 0, 40, 1, 0),
	(2667, 744, 32, 0, 40, 1, 0),
	(2668, 745, 32, 0, 40, 1, 0),
	(2669, 746, 32, 0, 40, 1, 0),
	(2670, 747, 32, 0, 40, 1, 0),
	(2671, 748, 32, 0, 40, 1, 0),
	(2672, 749, 32, 0, 40, 1, 0),
	(2673, 750, 32, 0, 40, 1, 0),
	(2674, 751, 32, 0, 40, 1, 0),
	(2675, 752, 32, 0, 40, 1, 0),
	(2676, 753, 32, 0, 40, 1, 0),
	(2677, 754, 32, 0, 40, 1, 0),
	(2678, 755, 32, 0, 40, 1, 0),
	(2679, 756, 32, 0, 40, 1, 0),
	(2680, 757, 32, 0, 40, 1, 0),
	(2681, 758, 32, 0, 40, 1, 0),
	(2682, 759, 32, 0, 40, 1, 0),
	(2683, 760, 237, 0, 50, 1, 0),
	(2684, 761, 237, 0, 50, 1, 0),
	(2685, 762, 237, 0, 50, 1, 0),
	(2686, 763, 237, 0, 50, 1, 0),
	(2687, 764, 237, 0, 50, 1, 0),
	(2688, 765, 237, 0, 50, 1, 0),
	(2689, 766, 237, 0, 50, 1, 0),
	(2690, 767, 237, 0, 50, 1, 0),
	(2691, 768, 237, 0, 50, 1, 0),
	(2692, 769, 237, 0, 50, 1, 0),
	(2693, 770, 237, 0, 50, 1, 0),
	(2694, 771, 237, 0, 50, 1, 0),
	(2695, 772, 237, 0, 50, 1, 0),
	(2696, 773, 237, 0, 50, 1, 0),
	(2697, 774, 237, 0, 50, 1, 0),
	(2698, 775, 237, 0, 50, 1, 0),
	(2699, 776, 237, 0, 50, 1, 0),
	(2700, 777, 237, 0, 50, 1, 0),
	(2701, 778, 237, 0, 50, 1, 0),
	(2702, 779, 237, 0, 50, 1, 0),
	(2703, 780, 237, 0, 50, 1, 0),
	(2704, 781, 237, 0, 50, 1, 0),
	(2705, 782, 237, 0, 50, 1, 0),
	(2706, 783, 237, 0, 50, 1, 0),
	(2707, 784, 237, 0, 50, 1, 0),
	(2708, 785, 237, 0, 50, 1, 0),
	(2709, 786, 237, 0, 50, 1, 0),
	(2710, 787, 237, 0, 50, 1, 0),
	(2711, 788, 237, 0, 50, 1, 0),
	(2712, 789, 237, 0, 50, 1, 0),
	(2713, 790, 237, 0, 50, 1, 0),
	(2714, 791, 237, 0, 50, 1, 0),
	(2715, 792, 237, 0, 50, 1, 0),
	(2716, 793, 237, 0, 50, 1, 0),
	(2717, 794, 237, 0, 50, 1, 0),
	(2718, 795, 237, 0, 50, 1, 0),
	(2719, 796, 237, 0, 50, 1, 0),
	(2720, 797, 237, 0, 50, 1, 0),
	(2721, 798, 237, 0, 50, 1, 0),
	(2722, 799, 237, 0, 50, 1, 0),
	(2723, 800, 237, 0, 50, 1, 0),
	(2724, 801, 237, 0, 50, 1, 0),
	(2725, 802, 237, 0, 50, 1, 0),
	(2726, 803, 237, 0, 50, 1, 0),
	(2727, 804, 237, 0, 50, 1, 0),
	(2728, 805, 237, 0, 50, 1, 0),
	(2729, 806, 237, 0, 50, 1, 0),
	(2730, 807, 237, 0, 50, 1, 0),
	(2731, 808, 237, 0, 50, 1, 0),
	(2732, 809, 237, 0, 50, 1, 0),
	(2733, 760, 32, 0, 40, 1, 0),
	(2734, 761, 32, 0, 40, 1, 0),
	(2735, 762, 32, 0, 40, 1, 0),
	(2736, 763, 32, 0, 40, 1, 0),
	(2737, 764, 32, 0, 40, 1, 0),
	(2738, 765, 32, 0, 40, 1, 0),
	(2739, 766, 32, 0, 40, 1, 0),
	(2740, 767, 32, 0, 40, 1, 0),
	(2741, 768, 32, 0, 40, 1, 0),
	(2742, 769, 32, 0, 40, 1, 0),
	(2743, 770, 32, 0, 40, 1, 0),
	(2744, 771, 32, 0, 40, 1, 0),
	(2745, 772, 32, 0, 40, 1, 0),
	(2746, 773, 32, 0, 40, 1, 0),
	(2747, 774, 32, 0, 40, 1, 0),
	(2748, 775, 32, 0, 40, 1, 0),
	(2749, 776, 32, 0, 40, 1, 0),
	(2750, 777, 32, 0, 40, 1, 0),
	(2751, 778, 32, 0, 40, 1, 0),
	(2752, 779, 32, 0, 40, 1, 0),
	(2753, 780, 32, 0, 40, 1, 0),
	(2754, 781, 32, 0, 40, 1, 0),
	(2755, 782, 32, 0, 40, 1, 0),
	(2756, 783, 32, 0, 40, 1, 0),
	(2757, 784, 32, 0, 40, 1, 0),
	(2758, 785, 32, 0, 40, 1, 0),
	(2759, 786, 32, 0, 40, 1, 0),
	(2760, 787, 32, 0, 40, 1, 0),
	(2761, 788, 32, 0, 40, 1, 0),
	(2762, 789, 32, 0, 40, 1, 0),
	(2763, 790, 32, 0, 40, 1, 0),
	(2764, 791, 32, 0, 40, 1, 0),
	(2765, 792, 32, 0, 40, 1, 0),
	(2766, 793, 32, 0, 40, 1, 0),
	(2767, 794, 32, 0, 40, 1, 0),
	(2768, 795, 32, 0, 40, 1, 0),
	(2769, 796, 32, 0, 40, 1, 0),
	(2770, 797, 32, 0, 40, 1, 0),
	(2771, 798, 32, 0, 40, 1, 0),
	(2772, 799, 32, 0, 40, 1, 0),
	(2773, 800, 32, 0, 40, 1, 0),
	(2774, 801, 32, 0, 40, 1, 0),
	(2775, 802, 32, 0, 40, 1, 0),
	(2776, 803, 32, 0, 40, 1, 0),
	(2777, 804, 32, 0, 40, 1, 0),
	(2778, 805, 32, 0, 40, 1, 0),
	(2779, 806, 32, 0, 40, 1, 0),
	(2780, 807, 32, 0, 40, 1, 0),
	(2781, 808, 32, 0, 40, 1, 0),
	(2782, 809, 32, 0, 40, 1, 0),
	(2783, 810, 237, 0, 50, 1, 0),
	(2784, 811, 237, 0, 50, 1, 0),
	(2785, 812, 237, 0, 50, 1, 0),
	(2786, 813, 237, 0, 50, 1, 0),
	(2787, 814, 237, 0, 50, 1, 0),
	(2788, 815, 237, 0, 50, 1, 0),
	(2789, 816, 237, 0, 50, 1, 0),
	(2790, 817, 237, 0, 50, 1, 0),
	(2791, 818, 237, 0, 50, 1, 0),
	(2792, 819, 237, 0, 50, 1, 0),
	(2793, 820, 237, 0, 50, 1, 0),
	(2794, 821, 237, 0, 50, 1, 0),
	(2795, 822, 237, 0, 50, 1, 0),
	(2796, 823, 237, 0, 50, 1, 0),
	(2797, 824, 237, 0, 50, 1, 0),
	(2798, 825, 237, 0, 50, 1, 0),
	(2799, 826, 237, 0, 50, 1, 0),
	(2800, 827, 237, 0, 50, 1, 0),
	(2801, 828, 237, 0, 50, 1, 0),
	(2802, 829, 237, 0, 50, 1, 0),
	(2803, 810, 32, 0, 40, 1, 0),
	(2804, 811, 32, 0, 40, 1, 0),
	(2805, 812, 32, 0, 40, 1, 0),
	(2806, 813, 32, 0, 40, 1, 0),
	(2807, 814, 32, 0, 40, 1, 0),
	(2808, 815, 32, 0, 40, 1, 0),
	(2809, 816, 32, 0, 40, 1, 0),
	(2810, 817, 32, 0, 40, 1, 0),
	(2811, 818, 32, 0, 40, 1, 0),
	(2812, 819, 32, 0, 40, 1, 0),
	(2813, 820, 32, 0, 40, 1, 0),
	(2814, 821, 32, 0, 40, 1, 0),
	(2815, 822, 32, 0, 40, 1, 0),
	(2816, 823, 32, 0, 40, 1, 0),
	(2817, 824, 32, 0, 40, 1, 0),
	(2818, 825, 32, 0, 40, 1, 0),
	(2819, 826, 32, 0, 40, 1, 0),
	(2820, 827, 32, 0, 40, 1, 0),
	(2821, 828, 32, 0, 40, 1, 0),
	(2822, 829, 32, 0, 40, 1, 0),
	(2823, 830, 32, 0, 40, 10, 0),
	(2824, 831, 32, 0, 40, 10, 0),
	(2825, 832, 32, 0, 40, 10, 0),
	(2826, 663, 32, 0, 40, 10, 0),
	(2827, 664, 32, 0, 40, 10, 0),
	(2828, 665, 32, 0, 40, 10, 0),
	(2829, 833, 32, 0, 10, 15, 0),
	(2830, 834, 32, 0, 10, 15, 0),
	(2831, 835, 32, 0, 10, 15, 0),
	(2832, 836, 32, 0, 10, 15, 0),
	(2833, 838, 32, 0, 10, 15, 0),
	(2834, 839, 32, 0, 10, 15, 0),
	(2835, 840, 32, 0, 10, 15, 0),
	(2836, 841, 32, 0, 10, 15, 0),
	(2837, 842, 36, 0, 10, 15, 0),
	(2838, 843, 32, 0, 10, 15, 0),
	(2839, 844, 32, 0, 10, 15, 0),
	(2840, 845, 32, 0, 10, 15, 0),
	(2841, 833, 235, 0, 40, 20, 0),
	(2842, 834, 235, 0, 40, 20, 0),
	(2843, 835, 235, 0, 40, 40, 0),
	(2844, 836, 235, 0, 40, 40, 0),
	(2845, 833, 281, 0, 20, 40, 0),
	(2846, 834, 281, 0, 20, 40, 0),
	(2847, 835, 281, 0, 20, 70, 0),
	(2848, 836, 281, 0, 20, 70, 0),
	(2849, 838, 233, 0, 40, 2, 0),
	(2850, 839, 233, 0, 40, 2, 0),
	(2851, 840, 233, 0, 20, 2, 0),
	(2852, 841, 233, 0, 20, 2, 0),
	(2853, 842, 233, 0, 30, 1, 0),
	(2854, 840, 616, 0, 20, 1, 0),
	(2855, 841, 615, 0, 20, 1, 0),
	(2856, 843, 235, 0, 40, 6, 0),
	(2857, 844, 235, 0, 40, 6, 0),
	(2858, 845, 235, 0, 40, 10, 0),
	(2859, 842, 281, 0, 10, 5, 0),
	(2860, 842, 235, 0, 20, 3, 0),
	(2861, 847, 44, 0, 5, 15, 0),
	(2862, 847, 1135, 0, 90, 1, 0),
	(2863, 848, 32, 0, 10, 25, 0),
	(2864, 849, 32, 0, 10, 25, 0),
	(2865, 848, 281, 0, 20, 60, 0),
	(2866, 849, 281, 0, 20, 60, 0),
	(2867, 848, 235, 0, 40, 30, 0),
	(2868, 849, 235, 0, 40, 30, 0),
	(2869, 837, 236, 0, 30, 40, 0),
	(2870, 837, 234, 0, 30, 15, 0),
	(2872, 850, 324, 0, 30, 1, 0),
	(2873, 850, 216, 0, 10, 30, 0),
	(2874, 850, 282, 0, 10, 1, 0),
	(2875, 850, 348, 0, 10, 2, 0),
	(2877, 850, 529, 0, 10, 1, 0),
	(2878, 851, 324, 0, 30, 1, 0),
	(2879, 851, 216, 0, 10, 30, 0),
	(2880, 851, 282, 0, 15, 1, 0),
	(2881, 851, 529, 0, 15, 1, 0),
	(2882, 852, 348, 0, 40, 4, 0),
	(2883, 852, 244, 0, 20, 1, 0),
	(2884, 852, 529, 0, 10, 1, 0),
	(2885, 851, 348, 0, 10, 1, 0),
	(2886, 853, 234, 0, 30, 1, 0),
	(2887, 854, 234, 0, 30, 1, 0),
	(2888, 853, 264, 0, 30, 1, 0),
	(2889, 854, 264, 0, 30, 1, 0),
	(2890, 853, 262, 0, 10, 1, 0),
	(2891, 854, 262, 0, 10, 1, 0),
	(2892, 853, 32, 0, 10, 1, 0),
	(2893, 854, 32, 0, 10, 1, 0),
	(2894, 855, 246, 0, 50, 1, 0),
	(2895, 856, 246, 0, 80, 1, 0),
	(2896, 858, 117, 0, 5, 200, 0),
	(2897, 858, 324, 0, 80, 12, 0),
	(2898, 859, 377, 0, 80, 55, 1),
	(2899, 859, 120, 0, 10, 120, 0),
	(2900, 860, 245, 0, 70, 22, 0),
	(2901, 861, 246, 0, 20, 90, 0),
	(2902, 862, 246, 0, 20, 90, 0),
	(2903, 863, 246, 0, 20, 90, 0),
	(2904, 864, 246, 0, 20, 90, 0),
	(2905, 865, 246, 0, 20, 90, 0),
	(2906, 861, 342, 0, 10, 3, 0),
	(2907, 862, 342, 0, 10, 3, 0),
	(2908, 863, 342, 0, 10, 3, 0),
	(2909, 864, 342, 0, 10, 3, 0),
	(2910, 865, 342, 0, 10, 3, 0),
	(2911, 861, 256, 0, 10, 1, 0),
	(2912, 862, 256, 0, 10, 1, 0),
	(2913, 863, 256, 0, 10, 1, 0),
	(2914, 864, 256, 0, 10, 1, 0),
	(2915, 865, 256, 0, 10, 1, 0),
	(2916, 862, 358, 0, 10, 1, 0),
	(2917, 863, 358, 0, 10, 1, 0),
	(2918, 865, 41, 0, 10, 1, 0),
	(2919, 864, 285, 0, 10, 4, 0),
	(2920, 863, 577, 0, 10, 1, 0),
	(2921, 861, 633, 0, 10, 1, 0),
	(2922, 861, 555, 0, 10, 1, 0),
	(2923, 862, 555, 0, 10, 2, 0),
	(2924, 864, 574, 0, 10, 1, 0),
	(2925, 860, 117, 0, 5, 200, 0),
	(2926, 866, 246, 0, 50, 5, 0),
	(2927, 867, 246, 0, 50, 15, 0),
	(2928, 868, 246, 0, 50, 30, 0),
	(2929, 869, 44, 0, 5, 15, 0),
	(2930, 869, 334, 0, 60, 120, 0),
	(2931, 869, 326, 0, 10, 2, 1),
	(2932, 869, 281, 0, 5, 10, 0),
	(2933, 869, 254, 0, 5, 2, 0),
	(2934, 869, 1131, 0, 5, 4, 0),
	(2936, 870, 233, 0, 20, 100, 0),
	(2937, 870, 235, 0, 10, 20, 0),
	(2938, 870, 288, 0, 10, 3, 1),
	(2939, 870, 282, 0, 10, 20, 0),
	(2940, 870, 262, 0, 10, 20, 0),
	(2941, 870, 32, 0, 5, 15, 0),
	(2942, 871, 375, 0, 50, 6, 0),
	(2943, 871, 204, 0, 30, 6, 0),
	(2946, 872, 471, 0, 50, 10, 0),
	(2949, 873, 325, 0, 30, 2, 0),
	(2950, 874, 324, 0, 30, 2, 0),
	(2951, 875, 325, 0, 30, 4, 0),
	(2952, 876, 324, 0, 30, 4, 0),
	(2953, 877, 325, 0, 30, 6, 0),
	(2954, 878, 324, 0, 30, 6, 0),
	(2955, 879, 325, 0, 30, 6, 0),
	(2956, 880, 325, 0, 30, 6, 0),
	(2957, 881, 324, 0, 30, 10, 0),
	(2958, 882, 324, 0, 30, 10, 0),
	(2959, 883, 324, 0, 30, 10, 0),
	(2960, 884, 324, 0, 30, 6, 0),
	(2961, 885, 324, 0, 30, 2, 0),
	(2962, 886, 324, 0, 30, 20, 0),
	(2963, 887, 324, 0, 30, 25, 0),
	(2964, 873, 327, 0, 20, 1, 0),
	(2965, 874, 326, 0, 20, 1, 0),
	(2966, 875, 327, 0, 20, 1, 0),
	(2967, 876, 326, 0, 20, 1, 0),
	(2968, 877, 327, 0, 20, 1, 0),
	(2969, 878, 326, 0, 20, 1, 0),
	(2970, 879, 326, 0, 20, 4, 0),
	(2971, 880, 327, 0, 20, 4, 0),
	(2972, 881, 326, 0, 20, 8, 0),
	(2973, 882, 327, 0, 20, 8, 0),
	(2974, 883, 327, 0, 20, 8, 0),
	(2975, 884, 327, 0, 20, 4, 0),
	(2976, 885, 327, 0, 20, 4, 0),
	(2977, 886, 326, 0, 20, 30, 0),
	(2978, 887, 326, 0, 20, 35, 0),
	(2979, 873, 281, 0, 30, 2, 0),
	(2980, 874, 281, 0, 30, 2, 0),
	(2981, 875, 281, 0, 30, 2, 0),
	(2982, 876, 281, 0, 30, 2, 0),
	(2983, 877, 281, 0, 30, 4, 0),
	(2984, 878, 281, 0, 30, 4, 0),
	(2985, 885, 281, 0, 30, 4, 0),
	(2986, 886, 281, 0, 30, 30, 0),
	(2987, 887, 281, 0, 30, 4, 0),
	(2988, 879, 1356, 0, 30, 4, 0),
	(2989, 880, 1356, 0, 30, 4, 0),
	(2990, 881, 1356, 0, 30, 6, 0),
	(2991, 882, 1356, 0, 30, 6, 0),
	(2992, 883, 1356, 0, 30, 6, 0),
	(2993, 884, 1356, 0, 30, 4, 0),
	(2994, 873, 32, 0, 10, 10, 0),
	(2995, 874, 32, 0, 10, 10, 0),
	(2996, 875, 32, 0, 10, 15, 0),
	(2997, 876, 32, 0, 10, 15, 0),
	(2998, 877, 32, 0, 10, 15, 0),
	(2999, 878, 32, 0, 10, 15, 0),
	(3000, 879, 32, 0, 10, 15, 0),
	(3001, 880, 32, 0, 10, 15, 0),
	(3002, 881, 32, 0, 10, 15, 0),
	(3003, 882, 32, 0, 10, 15, 0),
	(3004, 883, 32, 0, 10, 15, 0),
	(3005, 884, 32, 0, 10, 15, 0),
	(3006, 885, 32, 0, 10, 10, 0),
	(3007, 886, 32, 0, 10, 4, 0),
	(3008, 887, 32, 0, 10, 4, 0),
	(3009, 888, 32, 0, 10, 5, 0),
	(3010, 889, 32, 0, 10, 5, 0),
	(3011, 888, 241, 0, 80, 4, 0),
	(3012, 889, 241, 0, 80, 4, 0),
	(3013, 890, 295, 0, 10, 40, 0),
	(3014, 890, 261, 0, 40, 1, 0),
	(3015, 891, 32, 0, 5, 15, 0),
	(3016, 891, 235, 0, 20, 5, 0),
	(3017, 891, 233, 0, 45, 7, 0),
	(3018, 892, 233, 0, 45, 15, 0),
	(3019, 892, 235, 0, 20, 10, 0),
	(3020, 892, 32, 0, 5, 15, 0),
	(3021, 893, 233, 0, 45, 2, 0),
	(3022, 893, 235, 0, 20, 3, 0),
	(3023, 893, 32, 0, 5, 15, 0),
	(3024, 894, 233, 0, 45, 3, 0),
	(3025, 894, 235, 0, 20, 5, 0),
	(3026, 894, 32, 0, 5, 15, 0),
	(3027, 895, 233, 0, 45, 3, 0),
	(3028, 895, 235, 0, 20, 5, 0),
	(3029, 895, 32, 0, 5, 15, 0),
	(3030, 896, 233, 0, 45, 7, 0),
	(3031, 896, 235, 0, 20, 5, 0),
	(3032, 896, 32, 0, 5, 15, 0),
	(3033, 897, 233, 0, 45, 7, 0),
	(3034, 897, 235, 0, 20, 5, 0),
	(3035, 897, 32, 0, 5, 15, 0),
	(3036, 898, 233, 0, 45, 7, 0),
	(3037, 898, 235, 0, 20, 5, 0),
	(3038, 898, 32, 0, 5, 15, 0),
	(3039, 899, 453, 0, 10, 1, 0),
	(3040, 899, 42, 0, 10, 15, 0),
	(3041, 899, 366, 0, 70, 1, 1),
	(3042, 900, 453, 0, 10, 1, 0),
	(3043, 900, 42, 0, 10, 15, 0),
	(3044, 900, 1388, 0, 40, 3, 1),
	(3045, 901, 453, 0, 10, 1, 0),
	(3046, 901, 42, 0, 10, 15, 0),
	(3047, 901, 366, 0, 70, 1, 1),
	(3048, 902, 453, 0, 10, 1, 0),
	(3049, 902, 42, 0, 10, 15, 0),
	(3050, 902, 364, 0, 70, 1, 1),
	(3051, 903, 453, 0, 10, 1, 0),
	(3052, 903, 42, 0, 10, 15, 0),
	(3053, 903, 366, 0, 50, 3, 0),
	(3054, 903, 1388, 0, 20, 1, 1),
	(3055, 904, 1394, 0, 10, 30, 0),
	(3057, 904, 424, 0, 70, 1, 0),
	(3058, 905, 327, 0, 40, 12, 0),
	(3059, 905, 281, 0, 10, 34, 0),
	(3060, 905, 36, 0, 10, 25, 0),
	(3061, 905, 262, 0, 10, 1, 0),
	(3065, 369, 295, 0, 10, 30, 0),
	(3066, 369, 1477, 0, 60, 2, 0),
	(3068, 370, 295, 0, 10, 30, 0),
	(3069, 370, 1477, 0, 50, 4, 0),
	(3070, 370, 1393, 0, 10, 1, 0),
	(3071, 371, 295, 0, 20, 30, 0),
	(3072, 371, 1477, 0, 50, 3, 0),
	(3074, 372, 295, 0, 20, 30, 0),
	(3075, 372, 1477, 0, 50, 2, 0),
	(3077, 373, 295, 0, 20, 30, 0),
	(3078, 373, 1477, 0, 50, 3, 0),
	(3080, 374, 295, 0, 10, 30, 0),
	(3081, 374, 1477, 0, 50, 2, 0),
	(3083, 374, 1393, 0, 10, 1, 0),
	(3084, 375, 295, 0, 10, 30, 0),
	(3085, 375, 261, 0, 40, 1, 0),
	(3086, 375, 260, 0, 20, 1, 0),
	(3088, 376, 295, 0, 10, 30, 0),
	(3089, 376, 261, 0, 40, 3, 0),
	(3090, 376, 260, 0, 10, 2, 0),
	(3092, 376, 1393, 0, 10, 2, 0),
	(3093, 377, 295, 0, 10, 30, 0),
	(3094, 377, 261, 0, 40, 2, 0),
	(3095, 377, 260, 0, 20, 1, 0),
	(3097, 378, 295, 0, 10, 30, 0),
	(3098, 378, 261, 0, 40, 1, 0),
	(3099, 378, 260, 0, 20, 1, 0),
	(3101, 379, 295, 0, 10, 30, 0),
	(3102, 379, 261, 0, 40, 2, 0),
	(3103, 379, 260, 0, 20, 2, 0),
	(3105, 380, 295, 0, 10, 30, 0),
	(3106, 380, 261, 0, 40, 1, 0),
	(3107, 380, 260, 0, 10, 1, 0),
	(3108, 380, 1393, 0, 10, 1, 0),
	(3109, 381, 295, 0, 10, 30, 0),
	(3110, 381, 261, 0, 25, 1, 1),
	(3112, 381, 265, 0, 10, 1, 0),
	(3113, 381, 1390, 0, 25, 1, 0),
	(3114, 382, 295, 0, 10, 30, 0),
	(3115, 382, 261, 0, 40, 4, 1),
	(3117, 382, 265, 0, 10, 1, 0),
	(3118, 382, 1393, 0, 10, 2, 0),
	(3119, 383, 295, 0, 10, 30, 0),
	(3120, 383, 261, 0, 40, 3, 1),
	(3122, 383, 265, 0, 10, 1, 0),
	(3123, 383, 1393, 0, 10, 1, 0),
	(3124, 384, 295, 0, 10, 30, 0),
	(3125, 384, 261, 0, 40, 1, 1),
	(3127, 384, 265, 0, 20, 1, 0),
	(3128, 385, 295, 0, 10, 30, 0),
	(3129, 385, 261, 0, 40, 3, 1),
	(3131, 385, 265, 0, 20, 1, 0),
	(3132, 386, 295, 0, 10, 30, 0),
	(3133, 386, 261, 0, 40, 1, 1),
	(3135, 386, 1393, 0, 20, 2, 0),
	(3136, 387, 295, 0, 10, 30, 0),
	(3137, 387, 261, 0, 25, 1, 1),
	(3138, 387, 263, 0, 5, 1, 0),
	(3139, 387, 265, 0, 5, 1, 0),
	(3140, 387, 1390, 0, 25, 1, 0),
	(3141, 388, 295, 0, 10, 30, 0),
	(3142, 388, 261, 0, 40, 4, 1),
	(3143, 388, 263, 0, 5, 2, 0),
	(3144, 388, 265, 0, 5, 1, 0),
	(3145, 388, 1393, 0, 10, 2, 0),
	(3146, 389, 295, 0, 10, 30, 0),
	(3147, 389, 261, 0, 40, 3, 1),
	(3148, 389, 263, 0, 5, 1, 0),
	(3149, 389, 265, 0, 5, 1, 0),
	(3150, 389, 1393, 0, 10, 1, 0),
	(3151, 390, 295, 0, 10, 30, 0),
	(3152, 390, 261, 0, 40, 1, 1),
	(3153, 390, 263, 0, 10, 1, 0),
	(3154, 390, 265, 0, 10, 1, 0),
	(3155, 391, 295, 0, 10, 30, 0),
	(3156, 391, 261, 0, 40, 3, 1),
	(3157, 391, 263, 0, 10, 2, 0),
	(3158, 391, 265, 0, 10, 1, 0),
	(3159, 392, 295, 0, 10, 30, 0),
	(3160, 392, 261, 0, 40, 1, 1),
	(3161, 392, 263, 0, 10, 1, 0),
	(3162, 392, 1393, 0, 10, 2, 0),
	(3163, 393, 1394, 0, 10, 30, 0),
	(3165, 393, 1477, 0, 20, 1, 0),
	(3166, 393, 1393, 0, 40, 1, 0),
	(3167, 394, 1394, 0, 10, 30, 0),
	(3169, 394, 1477, 0, 20, 3, 0),
	(3170, 394, 425, 0, 40, 2, 0),
	(3173, 395, 1394, 0, 10, 30, 0),
	(3175, 395, 1477, 0, 20, 2, 0),
	(3177, 395, 425, 0, 40, 1, 0),
	(3178, 396, 1394, 0, 10, 30, 0),
	(3180, 396, 1477, 0, 20, 1, 0),
	(3181, 396, 425, 0, 40, 1, 0),
	(3182, 397, 1394, 0, 10, 30, 0),
	(3184, 397, 1477, 0, 20, 1, 0),
	(3186, 397, 425, 0, 40, 2, 0),
	(3187, 398, 1394, 0, 10, 30, 0),
	(3189, 398, 1477, 0, 20, 1, 0),
	(3190, 398, 425, 0, 40, 1, 0),
	(3191, 399, 1394, 0, 10, 30, 0),
	(3193, 399, 425, 0, 50, 1, 0),
	(3194, 399, 1393, 0, 10, 1, 0),
	(3195, 400, 1394, 0, 10, 30, 0),
	(3197, 400, 424, 0, 30, 3, 0),
	(3198, 400, 1393, 0, 10, 1, 0),
	(3199, 400, 260, 0, 10, 2, 0),
	(3200, 400, 261, 0, 10, 2, 0),
	(3201, 401, 1394, 0, 10, 30, 0),
	(3203, 401, 425, 0, 40, 1, 0),
	(3204, 401, 260, 0, 10, 1, 0),
	(3205, 401, 261, 0, 10, 2, 0),
	(3206, 402, 1394, 0, 10, 30, 0),
	(3208, 402, 425, 0, 50, 2, 0),
	(3209, 402, 260, 0, 10, 1, 0),
	(3210, 403, 1394, 0, 10, 30, 0),
	(3212, 403, 425, 0, 40, 2, 0),
	(3213, 403, 260, 0, 10, 2, 0),
	(3214, 403, 261, 0, 10, 2, 0),
	(3215, 404, 1394, 0, 10, 30, 0),
	(3217, 404, 425, 0, 30, 1, 0),
	(3218, 404, 424, 0, 20, 1, 0),
	(3219, 404, 260, 0, 10, 1, 0),
	(3220, 405, 1394, 0, 10, 30, 0),
	(3222, 405, 425, 0, 30, 1, 1),
	(3223, 405, 263, 0, 10, 1, 0),
	(3224, 405, 1390, 0, 20, 1, 0),
	(3225, 406, 1394, 0, 10, 30, 0),
	(3227, 406, 424, 0, 30, 3, 1),
	(3228, 406, 1393, 0, 10, 1, 0),
	(3229, 406, 263, 0, 10, 2, 0),
	(3230, 406, 261, 0, 10, 3, 0),
	(3231, 407, 1394, 0, 10, 30, 0),
	(3233, 407, 425, 0, 30, 2, 1),
	(3234, 407, 263, 0, 10, 1, 0),
	(3235, 407, 261, 0, 20, 2, 0),
	(3236, 408, 1394, 0, 10, 30, 0),
	(3238, 408, 425, 0, 50, 2, 1),
	(3239, 408, 263, 0, 10, 1, 0),
	(3240, 409, 1394, 0, 10, 30, 0),
	(3242, 409, 425, 0, 30, 2, 1),
	(3243, 409, 263, 0, 10, 2, 0),
	(3244, 409, 261, 0, 20, 2, 0),
	(3245, 410, 1394, 0, 10, 30, 0),
	(3247, 410, 425, 0, 30, 1, 1),
	(3248, 410, 424, 0, 20, 2, 1),
	(3249, 410, 263, 0, 10, 1, 0),
	(3250, 411, 1394, 0, 10, 30, 0),
	(3252, 411, 424, 0, 30, 1, 1),
	(3253, 411, 263, 0, 10, 2, 0),
	(3254, 411, 1390, 0, 20, 1, 0),
	(3255, 412, 1394, 0, 10, 30, 0),
	(3257, 412, 424, 0, 30, 4, 1),
	(3258, 412, 264, 0, 5, 1, 0),
	(3259, 412, 263, 0, 5, 3, 0),
	(3260, 412, 261, 0, 10, 3, 0),
	(3261, 412, 1390, 0, 10, 1, 0),
	(3262, 413, 1394, 0, 10, 30, 0),
	(3264, 413, 424, 0, 30, 2, 1),
	(3265, 413, 263, 0, 10, 2, 0),
	(3266, 413, 261, 0, 20, 2, 0),
	(3267, 414, 1394, 0, 10, 30, 0),
	(3269, 414, 425, 0, 50, 2, 1),
	(3270, 414, 263, 0, 10, 1, 0),
	(3271, 415, 1394, 0, 10, 30, 0),
	(3273, 415, 425, 0, 30, 2, 1),
	(3274, 415, 263, 0, 10, 2, 0),
	(3275, 415, 261, 0, 20, 2, 0),
	(3276, 416, 1394, 0, 10, 30, 0),
	(3278, 416, 425, 0, 30, 1, 1),
	(3279, 416, 424, 0, 20, 2, 1),
	(3280, 416, 263, 0, 10, 2, 0),
	(3281, 417, 293, 0, 10, 15, 0),
	(3282, 417, 1477, 0, 20, 1, 0),
	(3284, 417, 1389, 0, 30, 1, 0),
	(3285, 418, 293, 0, 10, 15, 0),
	(3286, 418, 1477, 0, 10, 3, 0),
	(3288, 418, 1389, 0, 30, 4, 0),
	(3289, 418, 1393, 0, 10, 1, 0),
	(3290, 419, 293, 0, 10, 15, 0),
	(3291, 419, 1477, 0, 20, 2, 0),
	(3293, 419, 1389, 0, 30, 2, 0),
	(3294, 420, 293, 0, 10, 15, 0),
	(3295, 420, 1477, 0, 20, 1, 0),
	(3297, 420, 1389, 0, 30, 1, 0),
	(3298, 421, 293, 0, 10, 15, 0),
	(3299, 421, 1477, 0, 20, 2, 0),
	(3301, 421, 1389, 0, 30, 3, 0),
	(3302, 422, 293, 0, 10, 15, 0),
	(3303, 422, 1477, 0, 10, 1, 0),
	(3304, 422, 1389, 0, 30, 1, 0),
	(3305, 422, 1393, 0, 10, 1, 0),
	(3306, 423, 293, 0, 10, 15, 0),
	(3307, 423, 261, 0, 5, 1, 0),
	(3308, 423, 1388, 0, 5, 2, 0),
	(3309, 423, 1389, 0, 20, 1, 0),
	(3310, 423, 1390, 0, 20, 1, 0),
	(3311, 424, 293, 0, 10, 15, 0),
	(3312, 424, 261, 0, 10, 3, 0),
	(3313, 424, 260, 0, 10, 2, 0),
	(3314, 424, 1389, 0, 20, 5, 0),
	(3315, 424, 1393, 0, 10, 1, 0),
	(3316, 425, 293, 0, 10, 15, 0),
	(3317, 425, 261, 0, 10, 1, 0),
	(3318, 425, 260, 0, 10, 1, 0),
	(3319, 425, 1389, 0, 30, 3, 0),
	(3320, 426, 293, 0, 10, 15, 0),
	(3321, 426, 261, 0, 10, 1, 0),
	(3322, 426, 260, 0, 10, 1, 0),
	(3323, 426, 1389, 0, 30, 1, 0),
	(3324, 427, 293, 0, 10, 15, 0),
	(3325, 427, 261, 0, 10, 2, 0),
	(3326, 427, 260, 0, 10, 2, 0),
	(3327, 427, 1389, 0, 30, 3, 0),
	(3328, 428, 293, 0, 10, 15, 0),
	(3329, 428, 425, 0, 10, 1, 0),
	(3330, 428, 260, 0, 10, 1, 0),
	(3331, 428, 1389, 0, 30, 2, 0),
	(3332, 429, 293, 0, 10, 15, 0),
	(3333, 429, 261, 0, 5, 1, 0),
	(3334, 429, 1388, 0, 5, 1, 0),
	(3335, 429, 1389, 0, 20, 2, 1),
	(3336, 429, 1390, 0, 20, 1, 0),
	(3337, 430, 293, 0, 10, 15, 0),
	(3338, 430, 261, 0, 10, 3, 0),
	(3339, 430, 260, 0, 5, 2, 0),
	(3340, 430, 1389, 0, 15, 6, 1),
	(3341, 430, 1390, 0, 15, 1, 1),
	(3342, 430, 1393, 0, 5, 2, 0),
	(3343, 431, 293, 0, 10, 15, 0),
	(3344, 431, 261, 0, 10, 1, 0),
	(3345, 431, 260, 0, 5, 1, 0),
	(3346, 431, 1389, 0, 15, 3, 1),
	(3347, 431, 1390, 0, 15, 1, 0),
	(3348, 431, 1393, 0, 5, 1, 0),
	(3349, 432, 293, 0, 10, 15, 0),
	(3350, 432, 261, 0, 10, 1, 0),
	(3351, 432, 260, 0, 10, 1, 0),
	(3352, 432, 1389, 0, 30, 2, 1),
	(3353, 433, 293, 0, 10, 15, 0),
	(3354, 433, 261, 0, 10, 2, 0),
	(3355, 433, 260, 0, 5, 2, 0),
	(3356, 433, 1389, 0, 20, 4, 1),
	(3357, 433, 1390, 0, 15, 1, 0),
	(3358, 434, 293, 0, 10, 15, 0),
	(3359, 434, 425, 0, 10, 1, 0),
	(3360, 434, 260, 0, 5, 1, 0),
	(3361, 434, 1389, 0, 20, 2, 1),
	(3362, 434, 1390, 0, 15, 1, 0),
	(3363, 435, 293, 0, 10, 15, 0),
	(3364, 435, 261, 0, 5, 1, 0),
	(3365, 435, 1388, 0, 5, 1, 0),
	(3366, 435, 1389, 0, 20, 2, 1),
	(3367, 435, 1390, 0, 20, 2, 1),
	(3368, 436, 293, 0, 10, 15, 0),
	(3369, 436, 261, 0, 10, 3, 0),
	(3370, 436, 426, 0, 5, 1, 0),
	(3371, 436, 1389, 0, 15, 8, 1),
	(3372, 436, 1390, 0, 15, 2, 1),
	(3373, 436, 1393, 0, 5, 2, 0),
	(3374, 437, 293, 0, 10, 15, 0),
	(3375, 437, 261, 0, 10, 1, 0),
	(3376, 437, 260, 0, 5, 1, 0),
	(3377, 437, 1389, 0, 15, 3, 1),
	(3378, 437, 1390, 0, 15, 2, 1),
	(3379, 437, 1393, 0, 5, 1, 0),
	(3380, 438, 293, 0, 10, 15, 0),
	(3381, 438, 261, 0, 10, 1, 0),
	(3382, 438, 260, 0, 10, 1, 0),
	(3383, 438, 1389, 0, 30, 2, 1),
	(3384, 439, 293, 0, 10, 15, 0),
	(3385, 439, 261, 0, 10, 2, 0),
	(3386, 439, 260, 0, 5, 2, 0),
	(3387, 439, 1389, 0, 20, 4, 1),
	(3388, 439, 1390, 0, 15, 1, 0),
	(3389, 440, 293, 0, 10, 15, 0),
	(3390, 440, 425, 0, 10, 1, 0),
	(3391, 440, 260, 0, 5, 1, 0),
	(3392, 440, 1389, 0, 20, 2, 1),
	(3393, 440, 1390, 0, 15, 1, 0),
	(3394, 525, 293, 0, 10, 15, 0),
	(3395, 525, 1477, 0, 20, 1, 0),
	(3397, 525, 1392, 0, 30, 1, 0),
	(3398, 526, 293, 0, 10, 15, 0),
	(3399, 526, 1477, 0, 20, 2, 0),
	(3400, 526, 425, 0, 10, 1, 0),
	(3402, 526, 1392, 0, 20, 3, 0),
	(3403, 527, 293, 0, 10, 15, 0),
	(3404, 527, 1477, 0, 20, 1, 0),
	(3405, 527, 425, 0, 10, 1, 0),
	(3407, 527, 1392, 0, 20, 2, 0),
	(3408, 528, 293, 0, 10, 15, 0),
	(3409, 528, 425, 0, 20, 1, 0),
	(3410, 528, 1477, 0, 10, 1, 0),
	(3411, 528, 1392, 0, 20, 1, 0),
	(3412, 529, 293, 0, 10, 15, 0),
	(3413, 529, 1477, 0, 20, 1, 0),
	(3414, 529, 425, 0, 10, 1, 0),
	(3416, 529, 1392, 0, 20, 2, 0),
	(3417, 530, 293, 0, 10, 15, 0),
	(3419, 530, 1477, 0, 20, 2, 0),
	(3420, 530, 1392, 0, 30, 2, 0),
	(3421, 531, 293, 0, 10, 15, 0),
	(3422, 531, 425, 0, 10, 1, 0),
	(3423, 531, 1392, 0, 15, 1, 0),
	(3424, 531, 1388, 0, 10, 1, 0),
	(3425, 531, 1390, 0, 15, 1, 0),
	(3426, 532, 293, 0, 10, 15, 0),
	(3427, 532, 261, 0, 10, 2, 0),
	(3428, 532, 425, 0, 10, 1, 0),
	(3429, 532, 260, 0, 5, 2, 0),
	(3430, 532, 1392, 0, 20, 4, 0),
	(3431, 532, 1393, 0, 5, 1, 0),
	(3432, 533, 293, 0, 10, 15, 0),
	(3433, 533, 261, 0, 15, 1, 0),
	(3434, 533, 425, 0, 10, 1, 0),
	(3435, 533, 260, 0, 5, 1, 0),
	(3436, 533, 1392, 0, 20, 2, 0),
	(3437, 534, 293, 0, 10, 15, 0),
	(3438, 534, 425, 0, 20, 1, 0),
	(3439, 534, 260, 0, 10, 1, 0),
	(3440, 534, 1392, 0, 20, 1, 0),
	(3441, 535, 293, 0, 10, 15, 0),
	(3442, 535, 261, 0, 10, 2, 0),
	(3443, 535, 425, 0, 10, 1, 0),
	(3444, 535, 260, 0, 5, 1, 0),
	(3445, 535, 1392, 0, 15, 3, 0),
	(3446, 535, 1390, 0, 10, 1, 0),
	(3447, 536, 293, 0, 10, 15, 0),
	(3448, 536, 425, 0, 10, 1, 0),
	(3449, 536, 1390, 0, 15, 1, 0),
	(3450, 536, 1392, 0, 15, 2, 0),
	(3451, 536, 1393, 0, 10, 1, 0),
	(3452, 537, 293, 0, 10, 15, 0),
	(3453, 537, 425, 0, 10, 1, 0),
	(3454, 537, 1392, 0, 15, 2, 1),
	(3455, 537, 1388, 0, 10, 1, 0),
	(3456, 537, 1390, 0, 15, 1, 0),
	(3457, 538, 293, 0, 10, 15, 0),
	(3458, 538, 261, 0, 10, 2, 0),
	(3459, 538, 425, 0, 10, 1, 1),
	(3460, 538, 263, 0, 5, 2, 0),
	(3461, 538, 1392, 0, 20, 5, 1),
	(3462, 538, 1393, 0, 5, 1, 0),
	(3463, 539, 293, 0, 10, 15, 0),
	(3464, 539, 261, 0, 15, 1, 0),
	(3465, 539, 425, 0, 10, 1, 0),
	(3466, 539, 263, 0, 5, 1, 0),
	(3467, 539, 1392, 0, 20, 3, 1),
	(3468, 540, 293, 0, 10, 15, 0),
	(3469, 540, 425, 0, 20, 1, 0),
	(3470, 540, 263, 0, 10, 1, 0),
	(3471, 540, 1392, 0, 20, 1, 1),
	(3472, 541, 293, 0, 10, 15, 0),
	(3473, 541, 261, 0, 10, 2, 0),
	(3474, 541, 425, 0, 10, 1, 0),
	(3475, 541, 263, 0, 5, 1, 0),
	(3476, 541, 1392, 0, 15, 4, 1),
	(3477, 541, 1390, 0, 10, 1, 0),
	(3478, 542, 293, 0, 10, 15, 0),
	(3479, 542, 425, 0, 10, 1, 0),
	(3480, 542, 1390, 0, 15, 1, 0),
	(3481, 542, 1392, 0, 15, 2, 1),
	(3482, 542, 1393, 0, 10, 1, 0),
	(3483, 543, 293, 0, 10, 15, 0),
	(3484, 543, 425, 0, 10, 1, 0),
	(3485, 543, 1392, 0, 15, 2, 1),
	(3486, 543, 1388, 0, 10, 1, 0),
	(3487, 543, 1390, 0, 15, 1, 0),
	(3488, 544, 293, 0, 10, 15, 0),
	(3489, 544, 264, 0, 10, 2, 0),
	(3490, 544, 425, 0, 10, 1, 1),
	(3491, 544, 263, 0, 5, 2, 0),
	(3492, 544, 1392, 0, 20, 5, 1),
	(3493, 544, 1393, 0, 5, 1, 0),
	(3494, 545, 293, 0, 10, 15, 0),
	(3495, 545, 264, 0, 15, 1, 0),
	(3496, 545, 425, 0, 10, 1, 0),
	(3497, 545, 263, 0, 5, 1, 0),
	(3498, 545, 1392, 0, 20, 3, 1),
	(3499, 546, 293, 0, 10, 15, 0),
	(3500, 546, 425, 0, 20, 1, 0),
	(3501, 546, 263, 0, 10, 2, 0),
	(3502, 546, 1392, 0, 20, 1, 1),
	(3503, 547, 293, 0, 10, 15, 0),
	(3504, 547, 264, 0, 10, 2, 0),
	(3505, 547, 425, 0, 10, 1, 0),
	(3506, 547, 263, 0, 5, 1, 0),
	(3507, 547, 1392, 0, 15, 4, 1),
	(3508, 547, 1390, 0, 10, 1, 0),
	(3509, 548, 293, 0, 10, 15, 0),
	(3510, 548, 425, 0, 10, 1, 0),
	(3511, 548, 1390, 0, 15, 1, 0),
	(3512, 548, 1392, 0, 15, 2, 1),
	(3513, 548, 1393, 0, 10, 1, 0),
	(3514, 357, 293, 0, 10, 15, 0),
	(3515, 357, 1477, 0, 10, 1, 0),
	(3516, 357, 1388, 0, 10, 1, 0),
	(3517, 357, 1391, 0, 30, 1, 0),
	(3518, 358, 293, 0, 10, 15, 0),
	(3519, 358, 1477, 0, 10, 3, 0),
	(3521, 358, 1391, 0, 30, 2, 0),
	(3522, 358, 1393, 0, 10, 1, 0),
	(3523, 359, 293, 0, 10, 15, 0),
	(3524, 359, 1477, 0, 10, 2, 0),
	(3526, 359, 1390, 0, 30, 3, 0),
	(3527, 359, 1393, 0, 10, 2, 0),
	(3528, 360, 293, 0, 10, 15, 0),
	(3530, 360, 1477, 0, 20, 1, 0),
	(3531, 360, 1390, 0, 30, 2, 0),
	(3532, 361, 293, 0, 10, 15, 0),
	(3533, 361, 1477, 0, 10, 2, 0),
	(3535, 361, 1390, 0, 30, 4, 0),
	(3536, 361, 1393, 0, 10, 1, 0),
	(3537, 362, 293, 0, 10, 15, 0),
	(3539, 362, 1477, 0, 10, 1, 0),
	(3540, 362, 1390, 0, 40, 2, 0),
	(3541, 351, 293, 0, 10, 15, 0),
	(3542, 351, 261, 0, 10, 1, 0),
	(3543, 351, 1388, 0, 5, 1, 0),
	(3544, 351, 1391, 0, 30, 1, 0),
	(3545, 351, 1389, 0, 5, 1, 0),
	(3546, 352, 293, 0, 10, 15, 0),
	(3547, 352, 261, 0, 10, 3, 0),
	(3548, 352, 260, 0, 5, 2, 0),
	(3549, 352, 1391, 0, 20, 3, 0),
	(3550, 352, 1393, 0, 5, 2, 0),
	(3551, 352, 1389, 0, 10, 1, 0),
	(3552, 353, 293, 0, 10, 15, 0),
	(3553, 353, 261, 0, 10, 2, 0),
	(3554, 353, 1388, 0, 5, 2, 0),
	(3555, 353, 1390, 0, 20, 4, 0),
	(3556, 353, 1393, 0, 5, 2, 0),
	(3557, 353, 1389, 0, 10, 1, 0),
	(3558, 354, 293, 0, 10, 15, 0),
	(3559, 354, 425, 0, 10, 1, 0),
	(3560, 354, 260, 0, 10, 1, 0),
	(3561, 354, 1390, 0, 30, 2, 0),
	(3562, 355, 293, 0, 10, 15, 0),
	(3563, 355, 261, 0, 10, 2, 0),
	(3564, 355, 260, 0, 5, 2, 0),
	(3565, 355, 1391, 0, 30, 2, 0),
	(3566, 355, 1393, 0, 5, 2, 0),
	(3567, 356, 293, 0, 10, 15, 0),
	(3568, 356, 425, 0, 10, 1, 0),
	(3569, 356, 260, 0, 5, 1, 0),
	(3570, 356, 1390, 0, 30, 2, 0),
	(3571, 356, 1388, 0, 5, 1, 0),
	(3572, 281, 293, 0, 10, 15, 0),
	(3573, 281, 261, 0, 10, 1, 0),
	(3574, 281, 1388, 0, 5, 2, 1),
	(3575, 281, 1391, 0, 25, 1, 0),
	(3576, 281, 1390, 0, 10, 1, 0),
	(3577, 282, 293, 0, 10, 15, 0),
	(3578, 282, 261, 0, 10, 3, 0),
	(3579, 282, 1388, 0, 5, 3, 1),
	(3580, 282, 1391, 0, 25, 5, 1),
	(3581, 282, 1393, 0, 10, 2, 0),
	(3582, 283, 293, 0, 10, 15, 0),
	(3583, 283, 261, 0, 10, 2, 0),
	(3584, 283, 1388, 0, 5, 3, 0),
	(3585, 283, 1390, 0, 25, 6, 1),
	(3586, 283, 1393, 0, 10, 2, 0),
	(3587, 284, 293, 0, 10, 15, 0),
	(3588, 284, 425, 0, 10, 1, 0),
	(3589, 284, 263, 0, 10, 1, 0),
	(3590, 284, 1390, 0, 30, 2, 1),
	(3591, 285, 293, 0, 10, 15, 0),
	(3592, 285, 261, 0, 10, 2, 0),
	(3593, 285, 263, 0, 5, 2, 0),
	(3594, 285, 1391, 0, 20, 3, 1),
	(3595, 285, 1390, 0, 10, 2, 1),
	(3596, 285, 1393, 0, 5, 2, 0),
	(3597, 286, 293, 0, 10, 15, 0),
	(3598, 286, 425, 0, 10, 1, 0),
	(3599, 286, 263, 0, 5, 1, 0),
	(3600, 286, 1390, 0, 30, 4, 1),
	(3601, 286, 1388, 0, 5, 1, 0),
	(3602, 368, 293, 0, 10, 15, 0),
	(3603, 368, 264, 0, 10, 1, 0),
	(3604, 368, 1388, 0, 5, 2, 0),
	(3605, 368, 1391, 0, 25, 1, 1),
	(3606, 368, 1390, 0, 10, 1, 0),
	(3607, 367, 293, 0, 10, 15, 0),
	(3608, 367, 264, 0, 10, 3, 0),
	(3609, 367, 1388, 0, 5, 3, 0),
	(3610, 367, 1391, 0, 20, 5, 1),
	(3611, 367, 1390, 0, 10, 2, 1),
	(3612, 367, 1393, 0, 5, 2, 0),
	(3613, 366, 293, 0, 10, 15, 0),
	(3614, 366, 264, 0, 10, 2, 0),
	(3615, 366, 1388, 0, 10, 3, 0),
	(3616, 366, 1390, 0, 20, 6, 1),
	(3617, 366, 1393, 0, 10, 2, 0),
	(3618, 365, 293, 0, 10, 15, 0),
	(3619, 365, 425, 0, 10, 1, 0),
	(3620, 365, 263, 0, 10, 1, 0),
	(3621, 365, 1390, 0, 30, 2, 1),
	(3622, 364, 293, 0, 10, 15, 0),
	(3623, 364, 264, 0, 10, 2, 0),
	(3624, 364, 263, 0, 5, 2, 0),
	(3625, 364, 1391, 0, 20, 3, 1),
	(3626, 364, 1390, 0, 10, 2, 1),
	(3627, 364, 1393, 0, 5, 2, 0),
	(3628, 363, 293, 0, 10, 15, 0),
	(3629, 363, 425, 0, 10, 1, 0),
	(3630, 363, 263, 0, 5, 1, 0),
	(3631, 363, 1390, 0, 30, 4, 1),
	(3632, 363, 1388, 0, 5, 1, 0),
	(3633, 906, 1402, 0, 40, 1, 0),
	(3634, 906, 347, 0, 5, 10, 0),
	(3635, 906, 374, 0, 5, 3, 0),
	(3636, 906, 260, 0, 5, 1, 0),
	(3637, 906, 324, 0, 20, 1, 0),
	(3638, 907, 1403, 0, 40, 1, 0),
	(3639, 908, 1404, 0, 40, 1, 0),
	(3640, 907, 347, 0, 5, 10, 0),
	(3641, 908, 347, 0, 5, 10, 0),
	(3642, 907, 374, 0, 5, 3, 0),
	(3643, 908, 374, 0, 5, 3, 0),
	(3644, 907, 260, 0, 5, 1, 0),
	(3645, 908, 260, 0, 5, 1, 0),
	(3646, 907, 324, 0, 20, 1, 0),
	(3647, 908, 324, 0, 20, 1, 0),
	(3648, 909, 293, 0, 10, 30, 0),
	(3649, 909, 324, 0, 50, 1, 1),
	(3650, 909, 262, 0, 10, 1, 0),
	(3651, 644, 262, 0, 5, 2, 0),
	(3652, 644, 233, 0, 10, 1, 0),
	(3653, 910, 1409, 0, 60, 1, 0),
	(3654, 910, 237, 0, 15, 1, 0),
	(3655, 911, 1409, 0, 60, 1, 0),
	(3656, 912, 1409, 0, 60, 1, 0),
	(3657, 911, 237, 0, 15, 1, 0),
	(3658, 912, 237, 0, 15, 1, 0),
	(3659, 291, 1131, 0, 10, 1, 0),
	(3660, 295, 1131, 0, 10, 2, 0),
	(3661, 295, 282, 0, 10, 1, 0),
	(3662, 297, 368, 0, 50, 10, 0),
	(3663, 441, 281, 0, 10, 10, 0),
	(3664, 211, 403, 0, 30, 1, 0),
	(3665, 913, 237, 0, 10, 1, 0),
	(3666, 913, 348, 0, 20, 3, 0),
	(3667, 127, 247, 0, 10, 1, 0),
	(3668, 914, 430, 0, 50, 3, 0),
	(3678, 918, 1477, 0, 50, 1, 0),
	(3680, 917, 1477, 0, 50, 1, 0),
	(3681, 342, 237, 0, 30, 1, 0),
	(3682, 920, 269, 0, 75, 1, 0),
	(3683, 346, 1356, 0, 10, 1, 0),
	(3684, 913, 1131, 0, 20, 1, 0),
	(3685, 913, 1356, 0, 10, 1, 0),
	(3686, 921, 326, 0, 20, 30, 0),
	(3687, 921, 255, 0, 10, 4, 0),
	(3688, 921, 1131, 0, 10, 20, 0),
	(3689, 921, 36, 0, 10, 40, 0),
	(3690, 921, 262, 0, 10, 10, 0),
	(3691, 922, 1455, 0, 80, 1, 0),
	(3692, 923, 233, 0, 10, 1, 0),
	(3693, 924, 117, 0, 5, 300, 0),
	(3694, 924, 476, 0, 15, 10, 0),
	(3695, 924, 245, 0, 40, 100, 0),
	(3696, 924, 241, 0, 15, 20, 0),
	(3697, 900, 366, 0, 30, 1, 1),
	(3698, 551, 1388, 0, 15, 4, 0),
	(3699, 42, 326, 0, 10, 2, 0),
	(3700, 77, 471, 0, 15, 20, 0),
	(3701, 595, 471, 0, 10, 20, 0),
	(3702, 65, 326, 0, 10, 40, 0),
	(3703, 66, 288, 0, 10, 16, 1),
	(3704, 261, 281, 0, 10, 40, 0),
	(3705, 261, 262, 0, 10, 1, 0),
	(3706, 262, 281, 0, 10, 100, 0),
	(3707, 925, 325, 0, 30, 1, 0),
	(3708, 925, 216, 0, 20, 30, 0),
	(3709, 926, 471, 0, 50, 20, 0),
	(3710, 927, 1477, 0, 40, 6, 0),
	(3711, 927, 295, 0, 10, 40, 0),
	(3712, 928, 1477, 0, 40, 6, 0),
	(3713, 928, 295, 0, 10, 40, 0),
	(3719, 923, 406, 0, 10, 10, 0),
	(3720, 923, 401, 0, 10, 10, 0),
	(3721, 923, 212, 0, 10, 40, 0),
	(3722, 942, 326, 0, 20, 30, 0),
	(3723, 942, 255, 0, 10, 4, 0),
	(3724, 942, 1131, 0, 10, 20, 0),
	(3725, 942, 36, 0, 10, 40, 0),
	(3726, 942, 262, 0, 10, 10, 0),
	(3727, 921, 425, 0, 10, 4, 0),
	(3728, 942, 425, 0, 10, 4, 0),
	(3730, 930, 235, 0, 5, 10, 0),
	(3731, 930, 269, 0, 15, 60, 0),
	(3732, 930, 271, 0, 30, 400, 0),
	(3733, 930, 32, 0, 5, 15, 0),
	(3734, 930, 528, 0, 10, 50, 0),
	(3735, 930, 282, 0, 10, 10, 0),
	(3736, 931, 235, 0, 5, 10, 0),
	(3737, 931, 269, 0, 15, 60, 0),
	(3738, 931, 271, 0, 30, 400, 0),
	(3739, 931, 32, 0, 5, 15, 0),
	(3740, 931, 528, 0, 10, 50, 0),
	(3741, 931, 282, 0, 10, 10, 0),
	(3742, 934, 235, 0, 5, 10, 0),
	(3743, 934, 269, 0, 15, 60, 0),
	(3744, 934, 271, 0, 30, 400, 0),
	(3745, 934, 32, 0, 5, 15, 0),
	(3746, 934, 528, 0, 10, 50, 0),
	(3747, 934, 282, 0, 10, 10, 0),
	(3748, 935, 235, 0, 5, 10, 0),
	(3749, 935, 269, 0, 15, 60, 0),
	(3750, 935, 271, 0, 30, 400, 0),
	(3751, 935, 32, 0, 5, 15, 0),
	(3752, 935, 528, 0, 10, 50, 0),
	(3753, 935, 282, 0, 10, 10, 0),
	(3754, 936, 326, 0, 5, 50, 0),
	(3755, 936, 269, 0, 15, 60, 0),
	(3756, 936, 271, 0, 30, 400, 0),
	(3757, 936, 528, 0, 10, 50, 0),
	(3758, 936, 282, 0, 10, 10, 0),
	(3759, 936, 32, 0, 5, 15, 0),
	(3760, 937, 326, 0, 5, 50, 0),
	(3761, 937, 269, 0, 15, 60, 0),
	(3762, 937, 271, 0, 30, 400, 0),
	(3763, 937, 528, 0, 10, 50, 0),
	(3764, 937, 282, 0, 10, 10, 0),
	(3765, 937, 32, 0, 5, 15, 0),
	(3766, 938, 235, 0, 5, 10, 0),
	(3767, 938, 269, 0, 15, 60, 0),
	(3768, 938, 271, 0, 30, 400, 0),
	(3769, 938, 32, 0, 5, 15, 0),
	(3770, 938, 528, 0, 10, 50, 0),
	(3771, 938, 282, 0, 10, 10, 0),
	(3772, 939, 235, 0, 5, 10, 0),
	(3773, 939, 269, 0, 15, 60, 0),
	(3774, 939, 271, 0, 30, 400, 0),
	(3775, 939, 32, 0, 5, 15, 0),
	(3776, 939, 528, 0, 10, 50, 0),
	(3777, 939, 282, 0, 10, 10, 0),
	(3778, 940, 235, 0, 5, 10, 0),
	(3779, 940, 269, 0, 15, 60, 0),
	(3780, 940, 271, 0, 30, 400, 0),
	(3781, 940, 32, 0, 5, 15, 0),
	(3782, 940, 528, 0, 10, 50, 0),
	(3783, 940, 282, 0, 10, 10, 0),
	(3784, 941, 235, 0, 5, 10, 0),
	(3785, 941, 269, 0, 15, 60, 0),
	(3786, 941, 271, 0, 30, 400, 0),
	(3787, 941, 32, 0, 5, 15, 0),
	(3788, 941, 528, 0, 10, 50, 0),
	(3789, 941, 282, 0, 10, 10, 0),
	(3790, 944, 235, 0, 5, 10, 0),
	(3791, 944, 269, 0, 15, 60, 0),
	(3792, 944, 271, 0, 30, 400, 0),
	(3793, 944, 32, 0, 5, 15, 0),
	(3794, 944, 528, 0, 10, 50, 0),
	(3795, 944, 282, 0, 10, 10, 0),
	(3796, 945, 235, 0, 5, 10, 0),
	(3797, 945, 269, 0, 15, 60, 0),
	(3798, 945, 271, 0, 30, 400, 0),
	(3799, 945, 32, 0, 5, 15, 0),
	(3800, 945, 528, 0, 10, 50, 0),
	(3801, 945, 282, 0, 10, 10, 0),
	(3802, 946, 235, 0, 5, 10, 0),
	(3803, 946, 269, 0, 15, 60, 0),
	(3804, 946, 271, 0, 30, 400, 0),
	(3805, 946, 32, 0, 5, 15, 0),
	(3806, 946, 528, 0, 10, 50, 0),
	(3807, 946, 282, 0, 10, 10, 0),
	(3808, 947, 235, 0, 5, 10, 0),
	(3809, 947, 269, 0, 15, 60, 0),
	(3810, 947, 271, 0, 30, 400, 0),
	(3811, 947, 32, 0, 5, 15, 0),
	(3812, 947, 528, 0, 10, 50, 0),
	(3813, 947, 282, 0, 10, 10, 0),
	(3814, 948, 235, 0, 5, 10, 0),
	(3815, 948, 269, 0, 15, 60, 0),
	(3816, 948, 271, 0, 30, 400, 0),
	(3817, 948, 32, 0, 5, 15, 0),
	(3818, 948, 528, 0, 10, 50, 0),
	(3819, 948, 282, 0, 10, 10, 0),
	(3820, 949, 235, 0, 5, 10, 0),
	(3821, 949, 269, 0, 15, 60, 0),
	(3822, 949, 271, 0, 30, 400, 0),
	(3823, 949, 32, 0, 5, 15, 0),
	(3824, 949, 528, 0, 10, 50, 0),
	(3825, 949, 282, 0, 10, 10, 0),
	(3826, 950, 326, 0, 5, 50, 0),
	(3827, 950, 269, 0, 15, 60, 0),
	(3828, 950, 271, 0, 30, 400, 0),
	(3829, 950, 528, 0, 10, 50, 0),
	(3830, 950, 282, 0, 10, 10, 0),
	(3831, 950, 32, 0, 5, 15, 0),
	(3832, 943, 32, 0, 5, 15, 0),
	(3833, 943, 326, 0, 10, 30, 0),
	(3834, 943, 269, 0, 15, 20, 0),
	(3835, 943, 271, 0, 30, 600, 0),
	(3836, 943, 528, 0, 10, 75, 0),
	(3837, 943, 281, 0, 5, 300, 0),
	(3838, 951, 32, 0, 5, 15, 0),
	(3839, 951, 326, 0, 10, 200, 0),
	(3840, 951, 269, 0, 15, 80, 0),
	(3841, 951, 271, 0, 30, 1600, 0),
	(3842, 951, 528, 0, 10, 200, 0),
	(3843, 951, 287, 0, 10, 2, 0);

INSERT INTO skill_type ([ID], [Name], [Description], [Parent], [Group], [PrimaryStat], [SecondaryStat], [MasterMessageID], [GMMessageID]) VALUES
	(1, 'Artisan', '', NULL, 1, 'Int', 'Str', 594, 595),
	(2, 'Mining', '', 16, 1, 'Str', 'Con', 492, 493),
	(3, 'Smelting', '', 17, 1, 'Agi', 'Int', 494, 495),
	(4, 'Forging', '', 3, 1, 'Str', 'Con', 496, 497),
	(5, 'Armorsmithing', '', 3, 1, 'Str', 'Agi', 498, 499),
	(6, 'Forestry', '', 21, 1, 'Con', 'Will', 500, 501),
	(7, 'Building Maintain', '', 19, 1, 'Str', 'Con', 502, 503),
	(8, 'Carpentry', '', 1, 1, 'Con', 'Str', 504, 505),
	(9, 'Bowcraft', '', 8, 1, 'Con', 'Will', 506, 507),
	(10, 'Warfare engineering', '', 9, 1, 'Will', 'Int', 508, 509),
	(11, 'Nature''s lore', '', NULL, 1, 'Int', 'Will', 510, 511),
	(12, 'Herbalism', '', 11, 1, 'Will', 'Con', 514, 515),
	(13, 'Brewing', '', 32, 1, 'Agi', 'Int', 580, 581),
	(14, 'Healing', '', 12, 1, 'Int', 'Str', 516, 517),
	(15, 'Alchemy', '', 14, 1, 'Int', 'Agi', 518, 519),
	(16, 'Digging', '', 1, 1, 'Con', 'Str', 520, 521),
	(17, 'Materials Preparation', '', 1, 1, 'Will', 'Agi', 522, 523),
	(18, 'Construction', '', 1, 1, 'Will', 'Agi', 524, 525),
	(19, 'Masonry', '', 18, 1, 'Con', 'Str', 526, 527),
	(20, 'Architecture', '', 19, 1, 'Will', 'Int', 528, 529),
	(21, 'Farming', '', 11, 1, 'Agi', 'Will', 530, 531),
	(22, 'Animal lore', '', 51, 1, 'Int', 'Will', 532, 533),
	(23, 'Procuration', '', 22, 1, 'Str', 'Agi', 534, 535),
	(24, 'Cooking', '', 32, 1, 'Agi', 'Con', 536, 537),
	(25, 'Tailoring', '', 23, 1, 'Agi', 'Int', 538, 539),
	(26, 'Warhorse training', '', 23, 2, 'Int', 'Will', 582, 583),
	(28, 'Cavalryman', ' ', NULL, 2, 'Str', 'Int', 544, 545),
	(29, 'Knight', ' ', 28, 2, 'Con', 'Str', 546, 547),
	(30, 'Lancer', ' ', 29, 2, 'Int', 'Agi', 548, 549),
	(31, 'Precious Prospecting', ' ', 2, 2, 'Will', 'Agi', 490, 491),
	(32, 'Advanced Farming', ' ', 21, 2, 'Will', 'Con', 552, 553),
	(33, 'Militia', ' ', NULL, 2, 'Agi', 'Will', 554, 555),
	(34, 'Spearman', ' ', 33, 2, 'Will', 'Str', 556, 557),
	(35, 'Guard', ' ', 34, 2, 'Int', 'Str', 558, 559),
	(36, 'Footman', ' ', NULL, 2, 'Con', 'Agi', 560, 561),
	(38, 'Swordsman', ' ', 36, 2, 'Will', 'Con', 564, 565),
	(40, 'Huscarl', ' ', 38, 2, 'Str', 'Will', 568, 569),
	(43, 'Assaulter', ' ', NULL, 2, 'Agi', 'Str', 574, 575),
	(44, 'Vanguard', ' ', 43, 2, 'Str', 'Con', 576, 577),
	(45, 'Berserk', ' ', 44, 2, 'Con', 'Will', 578, 579),
	(47, 'Slinger', ' ', NULL, 2, 'Agi', 'Int', 582, 583),
	(48, 'Archer', ' ', 47, 2, 'Str', 'Agi', 584, 585),
	(49, 'Ranger', ' ', 48, 2, 'Int', 'Will', 586, 587),
	(51, 'Hunting', '', NULL, 1, 'Str', 'Agi', 590, 591),
	(52, 'Jewelry', '', 2, 1, 'Agi', 'Con', 592, 593),
	(53, 'Arts', '', NULL, 3, 'Con', 'Will', 671, 672),
	(54, 'Piety', '', NULL, 3, 'Will', 'Int', 596, 597),
	(55, 'Mentoring', '', NULL, 3, 'Int', 'Str', 598, 599),
	(56, 'Unit and formation', '', NULL, 2, 'Int', 'Con', 600, 601),
	(57, 'Equipment maintain', '', NULL, 2, 'Con', 'Int', 602, 603),
	(58, 'Battle Survival', '', NULL, 2, 'Agi', 'Con', 604, 605),
	(59, 'Demolition', '', NULL, 2, 'Will', 'Agi', 606, 607),
	(61, 'Movement', '', NULL, 3, 'Str', 'Will', 610, 611),
	(62, 'General actions', '', NULL, 3, 'Con', 'Str', 612, 613),
	(63, 'Horseback riding', '', NULL, 3, 'Agi', 'Int', 614, 615),
	(64, 'Swimming', '', NULL, 3, 'Will', 'Agi', 616, 617),
	(65, 'Authority', '', NULL, 3, 'Int', 'Con')